13,1,10.15794,1.025674,0,2.547718
13,2,19.57327,1.590226,2.547718,4.587401
13,3,14.63556,1.204062,4.587401,3.442644
13,4,23.74363,2.505743,3.442644,6.04539
13,5,10.26728,0.4067307,6.04539,2.050155
13,6,26.8943,1.866982,2.050155,6.038201
13,7,16.4529,1.517538,6.038201,4.006764
13,8,13.12399,1.800283,4.006764,3.687568
13,9,16.71881,1.612254,3.687568,4.130013
13,10,16.59909,0.2824564,4.130013,3.001896
13,11,12.87302,1.262783,3.001896,3.197823
13,12,22.71541,4.376613,3.197823,7.43308
13,13,9.04207,4.133451,7.43308,4.951555
13,14,37.77374,3.395451,4.951555,9.125166
13,15,38.53676,5.108351,9.125166,10.67975
13,16,9.279637,3.023646,10.67975,4.066311
13,17,7.669448,4.408207,4.066311,4.951747
13,18,15.57161,2.829403,4.951747,4.953104
13,19,22.98499,5.073764,4.953104,8.058968
13,20,21.68759,2.450465,8.058968,5.656652
13,21,13.94585,3.077469,5.656652,4.888865
13,22,16.73698,4.767978,4.888865,6.762812
13, 1,7.162885,0.6407433,0,1.727767, 0.3
13, 2,3.878916,0.5501184,1.727767,1.104918, 0.36
13, 3,3.588988,1.483649,1.104918,1.834539, 0.252
13, 4,14.4329,0.3412819,1.834539,2.689884, 0.3024
13, 5,4.900533,2.288276,2.689884,2.723652, 0.3628801
13, 6,8.009873,1.832187,2.723652,2.861801, 0.4354561
13, 7,4.761777,0.3174028,2.861801,1.058132, 0.5225473
13, 8,2.806737,1.507848,1.058132,1.724329, 0.3657831
13, 9,11.61847,0.8325558,1.724329,2.630208, 0.4389397
13, 10,5.424072,0.8171997,2.630208,1.585012, 0.5267277
13, 11,3.102255,1.482242,1.585012,1.752244, 0.3687094
13, 12,8.204176,2.750614,1.752244,3.659541, 0.4424512
13, 13,6.81018,1.534805,3.659541,2.414034, 0.5309415
13, 14,6.501727,1.248125,2.414034,2.123725, 0.371659
13, 15,3.314615,0.2552767,2.123725,0.7651664, 0.2601613
13, 16,10.89321,0.7652349,0.7651664,2.45323, 0.1821129
13, 17,4.385938,1.964842,2.45323,2.368358, 0.2185355
13, 18,16.37865,1.960023,2.368358,4.363127, 0.1529749
13, 19,7.676057,1.103608,4.363127,2.199016, 0.1835698
13, 20,12.06264,2.394111,2.199016,4.005532, 0.1284989
13, 21,8.946784,1.946445,4.005532,3.113168, 0.1541987
13, 22,8.757453,2.581101,3.113168,3.610493, 0.1079391
13, 23,5.743535,3.332002,3.610493,3.733924, 0.1295269
13, 24,2.664521,2.192017,3.733924,2.270767, 0.1554323
13, 25,8.478357,4.56756,2.270767,5.21936, 0.1088026
13, 26,20.39705,4.481933,5.21936,7.134451, 0.1305631
13, 27,28.37218,3.281791,7.134451,7.463523, 0.1566757
13, 28,31.32145,4.275117,7.463523,8.782839, 0.1880109
13, 29,17.32826,0.1288748,8.782839,2.99544, 0.2256131
13, 30,3.630454,0.5469065,2.99544,1.060831, 0.1579292
15, 1,8.36619,2.317826,0,3.325887, 0.3
15, 2,10.57082,3.403714,3.325887,4.598231, 0.33
15, 3,12.83519,2.687364,4.598231,4.378668, 0.363
15, 4,52.7556,4.054193,4.378668,12.17109, 0.2541
15, 5,5.492691,1.468516,12.17109,2.139212, 0.27951
15, 6,32.96059,1.088722,2.139212,6.4007, 0.195657
15, 7,18.99431,4.247396,6.4007,6.705215, 0.2152227
15, 8,23.30007,3.043319,6.705215,6.419443, 0.236745
15, 9,47.0549,3.688514,6.419443,10.91624, 0.1657215
15, 10,33.28791,2.123307,10.91624,7.317408, 0.1822936
15, 11,32.48922,4.889776,7.317408,9.489683, 0.1276055
15, 12,28.58919,5.459087,9.489683,9.314105, 0.1403661
15, 13,15.57323,4.751786,9.314105,6.555359, 0.09825628
15, 14,27.25937,4.895669,6.555359,8.622952, 0.06877939
15, 15,15.62375,2.481357,8.622952,4.671755, 0.07565734
15, 16,21.7286,2.725203,4.671755,5.892436, 0.05296014
15, 17,24.96708,4.370428,5.892436,7.803203, 0.05825615
15, 18,19.25261,4.166346,7.803203,6.680723, 0.06408177
15, 19,43.876,5.678108,6.680723,12.04442, 0.04485723
15, 20,51.02178,3.610957,12.04442,11.51276, 0.04934296
15, 21,23.75142,6.607616,11.51276,9.464917, 0.03454007
15, 22,48.81398,6.823297,9.464917,13.82174, 0.02417805
15, 23,36.41965,9.113409,13.82174,13.66445, 0.02659585
15, 24,3.127093,0.2654533,13.66445,0.7423932, 0.0186171
15, 25,20.78285,2.464999,0.7423932,5.517974, 0.01303197
15, 26,19.00284,3.073223,5.517974,5.72816, 0.01433516
15, 27,44.56876,0.7391682,5.72816,8.0441, 0.01576868
15, 28,20.02071,2.554448,8.0441,5.465492, 0.01734555
15, 29,28.27756,1.8717,5.465492,6.272676, 0.01214188
15, 30,16.94182,2.296005,6.272676,4.736975, 0.01335607
16, 1,3.489554,0.6358776,0,1.11149, 0.3
16, 2,7.185224,1.224233,1.11149,2.217731, 0.33
16, 3,5.059796,2.283344,2.217731,2.746086, 0.363
16, 4,17.68334,1.201221,2.746086,3.948241, 0.3993
16, 5,29.13844,0.3048506,3.948241,5.110449, 0.4392301
16, 6,24.15631,2.160885,5.110449,5.82679, 0.4831531
16, 7,25.23822,2.543015,5.82679,6.325549, 0.5314684
16, 8,19.5182,3.554353,6.325549,6.214993, 0.5846152
16, 9,23.53187,3.068658,6.214993,6.479193, 0.496923
16, 10,20.64227,1.341628,6.479193,4.558402, 0.5466153
16, 11,17.1315,2.41187,4.558402,4.865141, 0.464623
16, 12,41.71911,6.264754,4.865141,12.17381, 0.5110853
16, 13,12.39713,1.196941,12.17381,3.063639, 0.5621939
16, 14,23.8781,1.510972,3.063639,5.238827, 0.4778648
16, 15,15.15015,1.664575,5.238827,3.91217, 0.5256513
16, 16,6.391682,2.832953,3.91217,3.426075, 0.4468036
16, 17,4.632134,1.396047,3.426075,1.935395, 0.3797831
16, 18,15.78427,1.716257,1.935395,4.060926, 0.3228156
16, 19,31.6411,4.526555,4.060926,9.045647, 0.3550972
16, 20,35.46589,2.644383,9.045647,8.114635, 0.3906069
16, 21,22.04061,3.098821,8.114635,6.255785, 0.3320159
16, 22,44.00677,4.459421,6.255785,11.05065, 0.2822135
16, 23,53.01342,6.651142,11.05065,14.37819, 0.3104349
16, 24,36.55735,0.2591867,14.37819,6.30888, 0.3414784
17, 1,5.380413,3.117967,0,3.495041, 0.3
17, 2,2.823533,0.3025808,3.495041,0.7227395, 0.33
17, 3,1.601297,1.427049,0.7227395,1.45609, 0.2805
17, 4,3.249692,0.0874939,1.45609,0.614527, 0.30855
17, 5,4.718914,0.7787905,0.614527,1.435478, 0.2622675
17, 6,6.521294,6.239478,1.435478,6.286448, 0.2884943
17, 7,11.26082,6.812736,6.286448,7.554084, 0.3173437
17, 8,12.65966,3.897132,7.554084,5.357553, 0.3490781
17, 9,7.268584,3.337773,5.357553,3.992908, 0.2967164
17, 10,13.73705,5.983481,3.992908,7.275743, 0.2522089
17, 11,10.48053,4.252746,7.275743,5.290709, 0.2774298
17, 12,16.71453,4.415868,5.290709,6.465646, 0.2358154
17, 13,14.71455,4.258925,6.465646,6.00153, 0.2593969
17, 14,16.88765,4.829953,6.00153,6.839569, 0.2204874
17, 15,18.99246,6.074233,6.839569,8.227271, 0.2425361
17, 16,16.04595,2.817094,8.227271,5.021903, 0.2667897
17, 17,26.48158,6.808572,5.021903,10.08741, 0.2267713
17, 18,9.922071,4.41281,10.08741,5.33102, 0.2494484
17, 19,15.61908,7.473145,5.33102,8.830801, 0.2120312
17, 20,20.74193,5.762401,8.830801,8.258989, 0.2332343
17, 21,28.65693,7.216222,8.258989,10.78967, 0.1982491
18, 1,4.477121,0.9552021,0,1.542189, 0.3
18, 2,9.348661,0.7516632,1.542189,2.184496, 0.33
18, 3,9.733266,1.603519,2.184496,2.958477, 0.363
18, 4,12.12639,0.01412678,2.958477,2.032837, 0.3993
18, 5,15.27501,1.758068,2.032837,4.010892, 0.339405
18, 6,10.44778,3.54537,4.010892,4.695771, 0.3733456
18, 7,5.158227,0.6425323,4.695771,1.395148, 0.4106801
18, 8,15.65445,2.142839,1.395148,4.394774, 0.3490781
18, 9,36.7999,6.873365,4.394774,11.86112, 0.3839859
18, 10,90.6881,10.95781,11.86112,24.24619, 0.4223845
18, 11,7.37844,2.593063,24.24619,3.390626, 0.464623
18, 12,5.132421,2.803034,3.390626,3.191265, 0.3949296
18, 13,7.169899,2.228743,3.191265,3.052269, 0.3356901
18, 14,8.856593,2.552837,3.052269,3.603463, 0.2853366
18, 15,7.170577,2.637014,3.603463,3.392608, 0.3138703
18, 16,4.315482,0.1069651,3.392608,0.8083845, 0.2667897
18, 17,4.995428,1.008849,0.8083845,1.673279, 0.2267713
18, 18,2.853997,0.6488276,1.673279,1.016356, 0.2494484
18, 19,4.396538,0.417304,1.016356,1.08051, 0.2120312
19, 1,3.231961,2.092576,0,2.282474, 0.2
19, 2,14.9117,0.9253855,2.282474,3.256438, 0.22
19, 3,6.517261,1.84752,3.256438,2.62581, 0.242
19, 4,14.52072,1.462783,2.62581,3.639106, 0.2057
19, 5,21.07355,13.82271,3.639106,15.03119, 0.22627
19, 1,1.878309,1.033725,0,1.174489, 0.2
19, 2,3.919994,0.4439917,1.174489,1.023325, 0.22
19, 3,4.950406,0.9487238,1.023325,1.615671, 0.187
19, 4,5.847463,2.104312,1.615671,2.72817, 0.2057
19, 5,6.474037,1.34162,2.72817,2.197023, 0.22627
19, 6,6.082692,3.454413,2.197023,3.89246, 0.1923295
19, 7,3.33613,1.557698,3.89246,1.854104, 0.2115625
19, 8,2.532852,0.7722368,1.854104,1.065673, 0.1798281
19, 9,1.937847,2.893722,1.065673,2.734409, 0.1528539
19, 10,1.762686,3.190732,2.734409,2.952724, 0.1681393
19, 11,2.88216,3.247546,2.952724,3.186648, 0.1849532
19, 12,8.111418,1.885848,3.186648,2.923443, 0.2034485
19, 13,14.11975,3.139571,2.923443,4.969601, 0.1729313
19, 14,4.00128,0.8062906,4.969601,1.338789, 0.1902244
19, 15,5.041028,1.442125,1.338789,2.041942, 0.1616907
19, 16,4.344861,3.231458,2.041942,3.417025, 0.1778598
19, 17,4.416739,2.516562,3.417025,2.833258, 0.1956458
20, 1,3.518226,0.1526794,0,0.7136039, 0.2
20, 2,2.709692,0.2057018,0.7136039,0.6230336, 0.22
20, 3,3.311434,0.7631826,0.6230336,1.187891, 0.187
20, 4,4.228338,0.7158003,1.187891,1.301223, 0.2057
20, 5,4.072527,1.16825,1.301223,1.652296, 0.22627
20, 6,3.263927,0.8284731,1.652296,1.234382, 0.248897
20, 7,2.257833,1.23567,1.234382,1.406031, 0.2115625
20, 8,3.890046,0.4087639,1.406031,0.9889775, 0.2327188
20, 9,5.788681,0.1904297,0.9889775,1.123472, 0.1978109
20, 10,2.109269,0.6154442,1.123472,0.864415, 0.217592
20, 11,3.889795,0.6590624,0.864415,1.197518, 0.1849532
20, 12,3.582778,0.3927889,1.197518,0.9244538, 0.2034486
20, 13,4.61415,0.9546461,0.9244538,1.564563, 0.1729313
20, 14,5.129932,0.5074129,1.564563,1.277833, 0.1902244
20, 15,6.719416,0.1861448,1.277833,1.275023, 0.1616908
20, 16,15.12582,5.597241,1.275023,7.185338, 0.1374371
21, 1,4.062327,0.2458735,0,0.8819491, 0.2
21, 2,4.600664,0.5161314,0.8819491,1.196887, 0.22
21, 3,2.886771,0.2476873,1.196887,0.6875346, 0.242
21, 4,10.23252,1.330199,0.6875346,2.813918, 0.2662
21, 5,5.773259,1.66724,2.813918,2.351576, 0.29282
21, 6,5.673107,0.8236141,2.351576,1.631863, 0.322102
21, 7,8.100493,0.1050587,1.631863,1.437631, 0.2737867
21, 8,7.245122,0.8920212,1.437631,1.950871, 0.3011654
21, 9,3.044036,0.2383585,1.950871,0.7059714, 0.331282
21, 10,1.712145,1.519811,0.7059714,1.551866, 0.2815897
21, 11,1.441242,0.1254997,1.551866,0.3447901, 0.3097486
21, 12,4.016597,0.2308683,0.3447901,0.8618231, 0.2632864
21, 13,2.087564,2.43532,0.8618231,2.377361, 0.289615
21, 14,15.49243,1.538227,2.377361,3.863928, 0.3185765
21, 15,15.22365,1.420271,3.863928,3.720834, 0.3504342
21, 16,6.787158,0.7546453,3.720834,1.760064, 0.3854776
21, 17,19.6614,6.845087,1.760064,8.981138, 0.327656
22, 1,3.981043,1.524261,0,1.933725, 0.2
22, 2,2.962536,0.2636528,1.933725,0.7134666, 0.22
22, 3,3.681085,0.4458637,0.7134666,0.9850672, 0.242
22, 4,7.546933,0.6695614,0.9850672,1.81579, 0.2662
22, 5,8.309108,0.06631851,1.81579,1.440117, 0.29282
22, 6,6.57896,1.018293,1.440117,1.945071, 0.322102
22, 7,7.563144,1.789074,1.945071,2.751419, 0.3543122
22, 8,5.381333,1.182897,2.751419,1.882636, 0.3897434
22, 9,9.668367,2.629672,1.882636,3.802788, 0.4287178
22, 10,18.71532,1.529013,3.802788,4.393397, 0.4715896
22, 11,7.706424,1.109215,4.393397,2.20875, 0.5187486
22, 12,5.408897,2.074229,2.20875,2.630007, 0.4409363
22, 13,4.092875,1.633573,2.630007,2.043456, 0.4850299
22, 14,5.365858,1.366909,2.043456,2.033401, 0.5335329
22, 15,6.805481,1.283587,2.033401,2.203903, 0.5868862
22, 16,7.302662,2.043484,2.203903,2.920013, 0.6455749
22, 17,6.125335,0.5863276,2.920013,1.509495, 0.7101324
22, 18,12.1714,1.544541,1.509495,3.315685, 0.7811456
22, 19,31.21741,5.235108,3.315685,9.565493, 0.8592602
22, 20,8.417963,0.8050642,9.565493,2.073881, 0.9451863
22, 21,5.335243,0.3273783,2.073881,1.162022, 0.8034083
22, 22,5.766885,2.071185,1.162022,2.687135, 0.8837492
22, 23,3.843765,0.968051,2.687135,1.447337, 0.9721241
22, 24,5.178757,0.9817505,1.447337,1.681252, 1.069337
22, 25,4.014854,2.0298,1.681252,2.360643, 1.17627
22, 26,6.772308,2.869079,2.360643,3.519617, 1.293897
22, 27,23.42931,3.158838,3.519617,6.537251, 1.423287
22, 28,29.49585,5.310937,6.537251,9.341757, 1.565616
22, 29,32.54219,4.390575,9.341757,9.082511, 1.722177
22, 30,28.43062,6.929853,9.082511,10.51331, 1.894395
22, 31,22.96274,5.528112,10.51331,8.433884, 2.083835
22, 32,35.28226,1.613571,8.433884,7.225019, 1.77126
22, 33,9.026521,7.072285,7.225019,7.397991, 1.948386
22, 33,5.274606,3.3165,7.397991,3.642851, 2.143224
22, 34,21.55272,4.002831,3.642851,6.927813, 1.821741
22, 35,7.003572,0.423439,6.927813,1.520128, 2.003915
23, 1,3.554667,0.6222115,0,1.110954, 0.2
23, 2,2.561232,1.527691,1.110954,1.699948, 0.22
23, 3,12.68612,1.547503,1.699948,3.403939, 0.242
23, 4,4.524024,0.6374826,3.403939,1.28524, 0.2662
23, 5,4.338677,1.751265,1.28524,2.1825, 0.22627
23, 6,2.225789,1.186799,2.1825,1.359964, 0.248897
23, 7,3.591924,0.3657818,1.359964,0.9034721, 0.2737867
23, 8,3.397812,0.1523981,0.9034721,0.6933004, 0.3011654
23, 9,5.695969,0.3046837,0.6933004,1.203231, 0.331282
23, 10,16.59001,0.3215303,1.203231,3.032943, 0.3644102
23, 11,11.65181,2.238879,3.032943,3.807701, 0.4008512
23, 12,29.83248,3.333001,3.807701,7.74958, 0.4409363
23, 13,6.404191,1.503012,7.74958,2.319875, 0.48503
23, 14,5.614352,0.5344305,2.319875,1.381084, 0.4122755
23, 15,1.944874,0.3213243,1.381084,0.591916, 0.453503
23, 16,6.108388,0.5318708,0.591916,1.46129, 0.4988534
23, 17,4.971881,0.3336277,1.46129,1.10667, 0.5487387
23, 18,2.765193,0.3584814,1.10667,0.7596, 0.6036126
23, 19,11.08922,2.758516,0.7596,4.146967, 0.6639739
23, 20,26.16402,0.9127188,4.146967,5.121268, 0.7303713
23, 21,31.69052,3.095763,5.121268,7.861556, 0.8034084
23, 22,26.62577,3.691514,7.861556,7.513889, 0.8837493
23, 23,13.75062,3.130268,7.513889,4.900326, 0.9721243
23, 24,5.456559,0.8082905,4.900326,1.583002, 0.8263057
23, 25,2.903589,1.601655,1.583002,1.818644, 0.7023599
23, 26,4.527681,0.2549839,1.818644,0.9671001, 0.7725959
23, 27,26.29079,3.135779,0.9671001,6.994948, 0.8498555
23, 28,31.50844,4.294524,6.994948,8.830177, 0.934841
23, 29,37.8689,3.479997,8.830177,9.21148, 1.028325
23, 30,20.83442,4.275155,9.21148,7.035033, 1.131158
23, 31,3.636585,1.908073,7.035033,2.196158, 0.9614841
23, 1,8.41992,0.3546696,0,1.698878, 0.3
23, 2,5.277766,0.294734,1.698878,1.125239, 0.33
23, 3,10.41465,0.1582909,1.125239,1.867685, 0.363
23, 4,17.82566,0.4086304,1.867685,3.311469, 0.3993
23, 5,15.46021,0.9339285,3.311469,3.354975, 0.4392301
23, 6,18.5302,0.6463346,3.354975,3.626979, 0.4831531
23, 7,21.9548,0.2833538,3.626979,3.895262, 0.5314684
23, 8,15.98472,0.02180862,3.895262,2.682294, 0.5846152
23, 9,25.05927,1.28233,2.682294,5.245152, 0.6430768
23, 10,19.1829,0.02550125,5.245152,3.218401, 0.7073845
23, 11,7.304727,0.6004677,3.218401,1.717844, 0.6012768
23, 12,27.09468,2.656891,1.717844,6.729855, 0.6614045
23, 13,11.5875,1.706956,6.729855,3.353714, 0.727545
23, 14,9.671441,1.995085,3.353714,3.274477, 0.6184132
23, 15,30.39445,0.943717,3.274477,5.852173, 0.6802545
23, 16,23.59045,0.7885685,5.852173,4.588882, 0.74828
23, 17,7.785841,2.131734,4.588882,3.074085, 0.823108
23, 18,11.20294,1.295062,3.074085,2.946376, 0.9054188
23, 19,40.41488,3.482094,2.946376,9.637558, 0.9959607
23, 20,21.05836,1.565786,9.637558,4.814549, 1.095557
23, 21,21.53569,2.244132,4.814549,5.459392, 0.9312233
23, 22,14.53364,3.69486,5.459392,5.501323, 1.024346
23, 23,16.89356,2.407466,5.501323,4.821815, 1.12678
23, 24,4.522026,0.982585,4.821815,1.572492, 1.239458
23, 25,6.614364,0.2578897,1.572492,1.317302, 1.05354
23, 26,6.395145,0.9287281,1.317302,1.839798, 1.158894
23, 27,2.567871,0.03601646,1.839798,0.4579923, 1.274783
23, 28,39.48737,4.282426,0.4579923,10.14992, 1.402261
23, 29,37.81858,2.825346,10.14992,8.657553, 1.542488
23, 30,17.3467,1.30634,8.657553,3.979733, 1.696736
25, 1,3.105112,0.6849976,0,1.08835, 0.3
25, 2,8.32094,0.8311768,1.08835,2.079471, 0.3
25, 3,5.02163,0.0006074905,2.079471,0.8374446, 0.3
25, 4,32.15467,1.468666,0.8374446,6.583, 0.3
25, 5,34.57907,0.6905527,6.583,6.338639, 0.33
25, 6,30.14024,1.32695,6.338639,6.129165, 0.363
25, 7,22.70714,2.069288,6.129165,5.50893, 0.3993
25, 8,55.79877,2.970988,5.50893,11.77562, 0.4392301
25, 9,44.68283,3.933158,11.77562,10.72477, 0.4831531
25, 10,17.90428,1.65548,10.72477,4.363614, 0.5314684
25, 11,14.7978,1.764465,4.363614,3.936687, 0.4517481
25, 12,17.39029,3.329478,3.936687,5.672946, 0.4517481
25, 13,12.03545,1.849369,5.672946,3.54705, 0.4517481
25, 14,17.63544,2.582879,3.54705,5.091639, 0.3839859
25, 15,33.43857,1.578507,5.091639,6.888518, 0.3839859
25, 16,27.54971,1.590199,6.888518,5.916784, 0.3839859
25, 17,7.739437,1.420151,5.916784,2.473365, 0.3839859
25, 18,7.771244,0.0124445,2.473365,1.305578, 0.3263881
25, 19,4.590331,1.661919,1.305578,2.149987, 0.3263881
25, 20,18.09861,0.2903347,2.149987,3.25838, 0.3263881
25, 21,13.84615,0.7668591,3.25838,2.946741, 0.3263881
25, 22,13.44031,2.837199,2.946741,4.604384, 0.3590269
25, 23,16.74688,1.754906,4.604384,4.253567, 0.3949296
25, 24,16.05101,0.06933594,4.253567,2.732948, 0.4344226
25, 25,16.77459,2.724781,2.732948,5.066415, 0.4778648
25, 26,18.03366,1.793707,5.066415,4.500366, 0.5256513
25, 27,28.85278,3.691591,4.500366,7.885122, 0.5782165
25, 28,15.98652,3.376194,7.885122,5.477915, 0.6360382
25, 29,12.10714,1.422264,5.477915,3.203077, 0.5406325
25, 30,13.93319,0.9979658,3.203077,3.153837, 0.4595376
26, 1,-1.784327,0.2697449,0,-0.0726004, 0.3, 10.27571
26, 2,-6.973764,0.6037207,-0.0726004,-0.6591935, 0.3, 9.941732
26, 3,8.654771,2.910556,-0.6591935,3.867925, 0.3, 7.634897
26, 4,-2.89897,1.394942,3.867925,0.6792902, 0.3, 9.150511
27, 1,25.98965,10.79323,0,13.32596, 0.3, 10.79323
27, 2,29.54041,10.17225,13.32596,13.40028, 0.3, 10.17225
27, 3,23.51345,9.6592,13.40028,11.96824, 0.3, 9.6592
27, 4,28.66089,9.553216,11.96824,12.73783, 0.3, 9.553216
27, 5,22.75148,8.90703,12.73783,11.21444, 0.33, 8.90703
27, 6,33.03383,8.868723,11.21444,12.89624, 0.33, 8.868723
27, 7,28.11075,10.94966,12.89624,13.80984, 0.33, 10.94966
27, 8,30.96827,10.91604,13.80984,14.25808, 0.33, 10.91604
27, 9,29.20288,12.00315,14.25808,14.86977, 0.363, 12.00315
27, 10,37.98564,11.27254,14.86977,15.72473, 0.363, 11.27254
27, 11,27.27993,11.75903,15.72473,14.34585, 0.363, 11.75903
27, 12,57.04803,13.93627,14.34585,21.12156, 0.363, 13.93627
27, 13,33.48848,12.29451,21.12156,15.82684, 0.3993, 12.29451
27, 14,32.83903,12.60015,15.82684,15.9733, 0.339405, 12.60015
27, 15,31.31219,11.29588,15.9733,14.63193, 0.339405, 11.29588
27, 16,36.90415,11.1318,14.63193,15.42719, 0.339405, 11.1318
27, 17,22.61203,11.70705,15.42719,13.52455, 0.339405, 11.70705
27, 18,28.00822,9.978803,13.52455,12.98371, 0.2884943, 9.978803
27, 19,29.86441,11.01892,12.98371,14.15984, 0.2884943, 11.01892
27, 20,50.01245,11.26309,14.15984,17.72132, 0.2884943, 11.26309
27, 21,30.22046,11.26792,17.72132,14.42668, 0.2884943, 11.26792
27, 22,21.81482,12.1918,14.42668,13.79563, 0.2452202, 12.1918
27, 23,23.84661,12.42621,13.79563,14.32961, 0.2452202, 12.42621
27, 24,21.56459,10.4439,14.32961,12.29735, 0.2452202, 10.4439
27, 25,29.52739,13.01046,12.29735,15.76328, 0.2084371, 13.01046
27, 26,23.35256,12.38289,15.76328,14.21117, 0.2084371, 12.38289
27, 27,33.13944,11.92041,14.21117,15.45691, 0.2084371, 11.92041
27, 28,37.37387,12.87492,15.45691,16.95808, 0.2084371, 12.87492
27, 29,21.27051,9.735734,16.95808,11.6582, 0.2292808, 9.735734
27, 30,27.91612,12.16595,11.6582,14.79098, 0.1948887, 12.16595
28, 1,5.359501,3.157289,0,3.524324, 0.3, 9.968472
28, 2,5.818271,3.329281,3.524324,3.744112, 0.3, 11.08411
28, 3,4.589336,3.263231,3.744112,3.484248, 0.3, 10.64867
28, 4,4.637048,3.157722,3.484248,3.404276, 0.3, 9.971209
28, 5,3.998187,2.872834,3.404276,3.060393, 0.33, 8.253176
28, 6,4.872123,3.180791,3.060393,3.462679, 0.33, 10.11743
28, 7,4.653069,3.272509,3.462679,3.502602, 0.33, 10.70931
28, 8,4.548529,3.094481,3.502602,3.336822, 0.33, 9.575813
28, 9,4.814336,3.312784,3.336822,3.563043, 0.363, 10.97454
28, 10,6.568415,3.337475,3.563043,3.875965, 0.363, 11.13874
28, 11,4.757382,3.28884,3.875965,3.533597, 0.363, 10.81647
28, 12,5.738234,3.703999,3.533597,4.043038, 0.363, 13.71961
28, 13,5.724805,3.405382,4.043038,3.791953, 0.3993, 11.59663
28, 14,5.983859,3.502459,3.791953,3.916026, 0.3993, 12.26722
28, 15,4.983834,3.362253,3.916026,3.632517, 0.3993, 11.30475
28, 16,6.141296,3.215329,3.632517,3.702991, 0.3993, 10.33834
28, 17,4.057433,3.241426,3.702991,3.377427, 0.4392301, 10.50684
28, 18,5.012977,3.176469,3.377427,3.482553, 0.4392301, 10.08995
28, 19,5.92994,3.546064,3.482553,3.943377, 0.4392301, 12.57457
28, 20,6.077877,3.40216,3.943377,3.848113, 0.4392301, 11.57469
28, 21,4.499547,3.125173,3.848113,3.354236, 0.4831531, 9.766708
28, 22,3.888351,3.459584,3.354236,3.531045, 0.4831531, 11.96873
28, 1,4.369092,3.229385,0,3.609288, 0.01, 10.42893
28, 2,4.629091,2.971562,3.609288,3.524072, 0.01, 8.830183
28, 3,5.061321,2.971935,3.524072,3.668397, 0.01, 8.832396
28, 4,4.659474,3.052713,3.668397,3.5883, 0.01, 9.319059
28, 5,4.60872,2.931851,3.5883,3.490807, 0.011, 8.595748
28, 6,5.201692,3.229888,3.490807,3.887156, 0.011, 10.43217
28, 7,4.45127,3.347097,3.887156,3.715154, 0.011, 11.20306
28, 8,4.954483,3.380207,3.715154,3.904966, 0.011, 11.4258
28, 9,5.984502,3.426528,3.904966,4.279186, 0.0121, 11.74109
29, 1,4.494081,3.152097,0,3.599425, 0.2, 9.935718
29, 2,4.82598,2.983131,3.599425,3.597414, 0.2, 8.899074
29, 3,5.509737,3.367417,3.597414,4.081523, 0.2, 11.3395
29, 4,5.157663,3.376761,4.081523,3.970395, 0.2, 11.40252
29, 5,4.851671,3.240184,3.970395,3.777346, 0.22, 10.49879
29, 6,5.760377,3.22127,3.777346,4.067639, 0.22, 10.37658
29, 7,7.697628,3.1457,4.067639,4.66301, 0.22, 9.895429
29, 8,7.025973,2.916821,4.66301,4.286539, 0.22, 8.507846
29, 9,8.609581,3.677921,4.286539,5.321808, 0.242, 13.5271
29, 10,6.573236,2.829302,5.321808,4.07728, 0.242, 8.00495
29, 1,5.003668,3.265299,0,3.844756, 0.2, 10.66218
29, 2,5.459348,3.34278,3.844756,4.048303, 0.2, 11.17418
29, 3,5.775822,3.288723,4.048303,4.117756, 0.2, 10.8157
29, 4,5.587111,3.352443,4.117756,4.097332, 0.2, 11.23887
29, 5,4.912262,2.95515,4.097332,3.607521, 0.22, 8.732912
29, 6,7.762166,2.789111,3.607521,4.446796, 0.22, 7.779143
29, 7,6.217461,3.003282,4.446796,4.074675, 0.22, 9.019705
29, 8,9.086616,3.018229,4.074675,5.041025, 0.22, 9.109709
29, 9,10.96979,4.13015,5.041025,6.410028, 0.242, 17.05814
29, 10,7.437996,2.764336,6.410028,4.322223, 0.242, 7.641552
29, 11,6.016907,2.6992,4.322223,3.805103, 0.2057, 7.285681
29, 12,6.972331,2.966723,3.805103,4.301926, 0.2057, 8.801443
29, 13,3.30439,2.359664,4.301926,2.674573, 0.2057, 5.568014
29, 14,5.910191,3.308053,2.674573,4.175432, 0.174845, 10.94321
29, 15,3.709311,2.216238,4.175432,2.713929, 0.174845, 4.911713
29, 16,2.445477,2.030457,2.713929,2.168797, 0.174845, 4.122758
29, 1,5.741135,3.243755,0,4.076215, 0.2, 10.52194
29, 2,5.582347,3.275153,4.076215,4.044218, 0.2, 10.72663
29, 3,4.411253,2.989493,4.044218,3.463413, 0.2, 8.937067
29, 4,6.936771,3.183076,3.463413,4.434308, 0.17, 10.13197
29, 5,5.08734,3.079885,4.434308,3.749037, 0.17, 9.485694
29, 6,6.388906,3.308969,3.749037,4.335615, 0.1445, 10.94928
29, 7,5.137585,3.342668,4.335615,3.940974, 0.1445, 11.17343
29, 8,5.339083,3.216773,3.940974,3.924209, 0.122825, 10.34763
29, 9,4.942436,3.527823,3.924209,3.999361, 0.122825, 12.44554
29, 10,7.305491,3.420192,3.999361,4.715292, 0.122825, 11.69771
29, 11,5.826746,3.639518,4.715292,4.368594, 0.122825, 13.24609
29, 12,7.553216,4.050331,4.368594,5.217959, 0.1044013, 16.40518
29, 13,5.863389,3.632677,5.217959,4.376248, 0.1044013, 13.19635
29, 14,7.030991,3.809425,4.376248,4.88328, 0.08874106, 14.51172
29, 15,6.555116,3.59369,4.88328,4.580832, 0.08874106, 12.91461
29, 16,5.073936,3.471102,4.580832,4.00538, 0.07542991, 12.04855
29, 17,4.79144,3.645028,4.00538,4.027165, 0.06411543, 13.28623
29, 18,6.488255,3.5471,4.027165,4.527485, 0.06411543, 12.58192
29, 19,8.188469,3.713617,4.527485,5.205235, 0.06411543, 13.79095
29, 20,7.130232,3.515973,5.205235,4.720726, 0.06411543, 12.36207
29, 21,6.749818,3.855447,4.720726,4.820237, 0.05449811, 14.86447
29, 22,7.059225,4.241032,4.820237,5.180429, 0.05449811, 17.98635
29, 23,5.816353,3.857952,5.180429,4.510752, 0.05449811, 14.88379
29, 24,4.631977,3.4447,4.510752,3.840459, 0.0463234, 11.86596
29, 25,9.090085,4.317438,3.840459,5.90832, 0.03937489, 18.64027
29, 26,6.672914,3.642533,5.90832,4.65266, 0.03937489, 13.26805
29, 27,7.936335,3.928995,4.65266,5.264775, 0.03346866, 15.437
29, 28,7.388568,3.950788,5.264775,5.096714, 0.03346866, 15.60872
29, 29,7.730403,3.65842,5.096714,5.015748, 0.03346866, 13.38404
29, 30,7.444682,4.054686,5.015748,5.184685, 0.03346866, 16.44048
31, 1,3.657558,2.884766,0,3.142363, 0.2, 8.321875
31, 2,4.43031,2.952208,3.142363,3.444909, 0.2, 8.715534
31, 3,4.92663,2.962269,3.444909,3.617056, 0.22, 8.77504
31, 4,5.716236,3.305473,3.617056,4.109061, 0.22, 10.92615
31, 5,5.306258,3.021866,4.109061,3.78333, 0.242, 9.131672
31, 6,6.58814,3.202986,3.78333,4.33137, 0.2057, 10.25912
31, 7,5.865065,3.424846,4.33137,4.238252, 0.2057, 11.72957
31, 8,6.767247,3.336636,4.238252,4.480173, 0.22627, 11.13314
31, 9,6.643802,3.838873,4.480173,4.773849, 0.22627, 14.73695
31, 10,7.65057,2.816316,4.773849,4.427734, 0.248897, 7.931637
31, 11,8.175742,3.730171,4.427734,5.212028, 0.2115625, 13.91417
31, 12,6.088899,3.361415,5.212028,4.270576, 0.2115625, 11.29911
31, 13,9.597281,3.750867,4.270576,5.699672, 0.1798281, 14.069
31, 14,7.103178,3.91321,5.699672,4.976532, 0.1798281, 15.31321
31, 15,6.015198,3.085981,4.976532,4.062387, 0.1528539, 9.523277
31, 16,7.948165,3.531202,4.062387,5.003523, 0.1299258, 12.46939
31, 17,10.53162,4.17512,5.003523,6.293953, 0.1299258, 17.43163
31, 18,8.104758,3.699187,6.293953,5.16771, 0.1429184, 13.68398
31, 19,9.871461,3.648355,5.16771,5.722724, 0.1214807, 13.3105
31, 20,9.588152,3.54839,5.722724,5.561644, 0.1214807, 12.59107
31, 21,9.229439,3.823414,5.561644,5.625422, 0.1336287, 14.61849
31, 22,12.18859,4.002317,5.625422,6.731076, 0.1336287, 16.01854
31, 23,10.48939,3.683579,6.731076,5.952183, 0.1469916, 13.56875
31, 24,9.28083,3.461238,5.952183,5.401102, 0.1249429, 11.98017
31, 25,7.532639,3.511225,5.401102,4.851696, 0.1062014, 12.3287
31, 26,7.496101,3.49426,4.851696,4.828207, 0.09027122, 12.20985
31, 27,6.198658,3.203112,4.828207,4.201628, 0.09027122, 10.25993
31, 28,5.64241,3.426515,4.201628,4.165147, 0.07673054, 11.741
31, 29,6.657832,3.678325,4.165147,4.671494, 0.07673054, 13.53008
31, 30,5.709291,3.547675,4.671494,4.268214, 0.0844036, 12.586
32, 1,4.255641,3.259057,0,3.591252, 0.2, 10.62145
32, 2,4.624503,3.088507,3.591252,3.600506, 0.2, 9.538878
32, 3,5.826576,3.11412,3.600506,4.018272, 0.22, 9.697742
32, 4,4.813798,3.289748,4.018272,3.797765, 0.22, 10.82244
32, 5,5.75061,3.153257,3.797765,4.019042, 0.242, 9.943029
32, 6,8.023731,3.101955,4.019042,4.742547, 0.242, 9.622127
32, 7,9.482134,3.510338,4.742547,5.500937, 0.2662, 12.32247
32, 8,4.368288,3.141176,5.500937,3.550214, 0.2662, 9.866989
32, 9,7.974302,3.92131,3.550214,5.272307, 0.22627, 15.37667
32, 10,4.236861,2.82033,5.272307,3.292507, 0.22627, 7.954262
32, 11,8.744549,3.362561,3.292507,5.156557, 0.1923295, 11.30681
32, 12,4.24229,2.7996,5.156557,3.280496, 0.1923295, 7.837759
32, 13,9.661128,3.876272,3.280496,5.804557, 0.1634801, 15.02549
32, 14,4.924905,3.764174,5.804557,4.151085, 0.1634801, 14.16901
32, 15,7.129574,3.25804,4.151085,4.548551, 0.1389581, 10.61482
32, 16,6.625823,3.194537,4.548551,4.338299, 0.1389581, 10.20507
32, 17,11.80924,4.018574,4.338299,6.615463, 0.1528539, 16.14894
32, 18,5.274342,2.995046,6.615463,3.754811, 0.1528539, 8.9703
32, 19,8.570962,3.273787,3.754811,5.039512, 0.1299258, 10.71768
32, 20,7.060219,2.70428,5.039512,4.15626, 0.1299258, 7.313132
32, 21,8.884634,3.679236,4.15626,5.414369, 0.1104369, 13.53678
32, 22,7.769509,2.945257,5.414369,4.553341, 0.1104369, 8.67454
32, 23,9.376182,3.3609,4.553341,5.365994, 0.09387141, 11.29565
32, 24,8.827132,3.137311,5.365994,5.033918, 0.09387141, 9.842721
32, 25,5.878579,2.963009,5.033918,3.934866, 0.0797907, 8.779424
32, 26,6.793571,3.654593,3.934866,4.700919, 0.06782209, 13.35605
32, 27,6.941444,2.496357,4.700919,3.978053, 0.06782209, 6.231799
32, 28,6.041901,3.000794,3.978053,4.014496, 0.05764878, 9.004765
32, 29,6.840506,3.271194,4.014496,4.460965, 0.05764878, 10.70071
32, 30,8.811543,3.590984,4.460965,5.33117, 0.06341366, 12.89516
33, 1,4.184058,3.108465,0,3.466996, 0.2, 9.662558
33, 2,4.775944,3.043867,3.466996,3.621226, 0.2, 9.265124
33, 3,5.061493,3.066406,3.621226,3.731435, 0.22, 9.402847
33, 4,6.551573,3.261996,3.731435,4.358522, 0.22, 10.64062
33, 5,4.485076,3.093354,4.358522,3.557261, 0.242, 9.568838
33, 6,6.101683,3.113562,3.557261,4.109602, 0.21175, 9.694265
33, 7,5.76496,3.306597,4.109602,4.126051, 0.21175, 10.93358
33, 8,6.053372,3.185058,4.126051,4.141163, 0.232925, 10.14459
33, 9,7.681342,3.932181,4.141163,5.181901, 0.232925, 15.46205
33, 10,7.024591,3.225621,5.181901,4.491944, 0.2562175, 10.40463
33, 11,9.337129,3.70343,4.491944,5.58133, 0.2241904, 13.7154
33, 12,7.149453,3.580892,5.58133,4.770412, 0.2241904, 12.82279
33, 13,9.572634,3.849093,4.770412,5.75694, 0.1961666, 14.81552
33, 14,9.163704,4.167655,5.75694,5.833004, 0.1961666, 17.36935
33, 15,10.30908,3.392605,5.833004,5.698098, 0.2157832, 11.50977
33, 16,12.47823,3.684572,5.698098,6.61579, 0.1888103, 13.57607
33, 17,11.1037,4.176875,6.61579,6.485816, 0.1888103, 17.44629
33, 18,8.059337,3.771262,6.485816,5.20062, 0.165209, 14.22241
33, 19,9.999148,3.424626,5.20062,5.616133, 0.1445579, 11.72806
33, 20,8.827727,3.580582,5.616133,5.32963, 0.1445579, 12.82057
33, 21,6.437747,3.777491,5.32963,4.664243, 0.1264881, 14.26944
33, 22,8.025166,3.878149,4.664243,5.260488, 0.1106771, 15.04004
33, 23,9.594583,4.246981,5.260488,6.029515, 0.1106771, 18.03685
33, 24,10.87335,4.180233,6.029515,6.411271, 0.1217448, 17.47435
33, 25,4.579301,3.777223,6.411271,4.044582, 0.1217448, 14.26741
33, 26,10.40395,4.262196,4.044582,6.309449, 0.1065267, 18.16631
33, 27,6.554608,3.298171,6.309449,4.38365, 0.1065267, 10.87793
33, 28,6.950411,4.29364,4.38365,5.179231, 0.0932109, 18.43534
33, 29,6.649771,3.671481,5.179231,4.664245, 0.0932109, 13.47977
33, 30,6.747893,3.625514,4.664245,4.666307, 0.08155954, 13.14435
34, 1,2.02028,3.127863,0,2.758669, 0.2, 9.783527
34, 2,2.320658,3.007401,2.758669,2.778486, 0.2, 9.044457
34, 3,3.429785,3.063784,2.778486,3.185785, 0.22, 9.386773
34, 4,3.849901,3.011672,3.185785,3.291082, 0.22, 9.070168
34, 5,3.733464,3.087428,3.291082,3.302773, 0.242, 9.532213
34, 6,4.389182,3.414165,3.302773,3.739171, 0.242, 11.65652
34, 7,3.052944,3.446137,3.739171,3.315073, 0.2662, 11.87586
34, 8,2.360707,3.402651,3.315073,3.055336, 0.232925, 11.57804
34, 9,3.293142,3.578592,3.055336,3.483442, 0.2038094, 12.80632
34, 10,3.401951,3.545108,3.483442,3.497389, 0.2038094, 12.56779
34, 11,3.337876,3.998698,3.497389,3.778424, 0.2241903, 15.98958
34, 12,2.580018,4.092743,3.778424,3.588501, 0.2241903, 16.75055
34, 13,2.427325,3.930974,3.588501,3.429758, 0.1961665, 15.45256
34, 14,2.621934,3.858757,3.429758,3.446483, 0.1716457, 14.89001
34, 15,3.005871,3.699368,3.446483,3.468202, 0.1716457, 13.68532
34, 16,3.345308,3.820782,3.468202,3.662291, 0.1888103, 14.59838
34, 17,3.936314,4.559095,3.662291,4.351501, 0.1888103, 20.78535
34, 18,2.938999,4.418519,4.351501,3.925346, 0.2076913, 19.52331
34, 19,2.794337,3.517952,3.925346,3.276747, 0.1817299, 12.37599
34, 20,2.674922,3.266944,3.276747,3.069603, 0.1590137, 10.67292
34, 21,2.525117,3.951452,3.069603,3.476007, 0.139137, 15.61397
34, 22,3.459263,3.986102,3.476007,3.810489, 0.139137, 15.88901
34, 23,3.594013,4.048545,3.810489,3.897035, 0.1530507, 16.39072
34, 24,3.216742,3.988386,3.897035,3.731171, 0.1530507, 15.90722
34, 25,4.399772,4.162366,3.731171,4.241501, 0.1339193, 17.32529
34, 26,3.387424,4.029765,4.241501,3.815651, 0.1339193, 16.239
34, 27,1.956887,3.339112,3.815651,2.878371, 0.1171794, 11.14967
34, 28,3.562919,4.1807,2.878371,3.974773, 0.102532, 17.47826
34, 29,3.068264,3.953718,3.974773,3.658566, 0.102532, 15.63188
34, 30,4.179766,3.972709,3.658566,4.041728, 0.0897155, 15.78242
35, 1,2.113703,3.644385,0,3.134157, 0.2, 13.28154
35, 2,2.651835,3.798723,3.134157,3.416427, 0.2, 14.4303
35, 3,2.755338,4.016814,3.416427,3.596322, 0.22, 16.1348
35, 4,3.911968,4.082747,3.596322,4.02582, 0.22, 16.66882
35, 5,3.791405,4.754436,4.02582,4.433426, 0.242, 22.60466
35, 6,4.789919,4.754263,4.433426,4.766149, 0.242, 22.60302
35, 7,4.069377,4.946201,4.766149,4.653926, 0.2662, 24.4649
35, 8,3.299423,4.589808,4.653926,4.159679, 0.232925, 21.06634
35, 9,3.312526,4.444851,4.159679,4.06741, 0.2038094, 19.7567
35, 10,3.818399,4.435793,4.06741,4.229995, 0.1783332, 19.67626
35, 11,3.923276,4.594003,4.229995,4.370428, 0.1783332, 21.10486
35, 12,3.971334,4.65908,4.370428,4.429832, 0.1961665, 21.70703
35, 13,2.81729,4.615067,4.429832,4.015808, 0.1961665, 21.29885
35, 14,2.644562,4.963042,4.015808,4.190215, 0.1716457, 24.63178
35, 15,2.616016,4.270436,4.190215,3.718962, 0.1716457, 18.23662
35, 16,3.391013,4.594446,3.718962,4.193302, 0.15019, 21.10893
35, 17,3.179116,4.505284,4.193302,4.063228, 0.15019, 20.29759
35, 18,2.366049,4.578927,4.063228,3.841301, 0.1314162, 20.96657
35, 19,2.439175,4.268982,3.841301,3.659046, 0.1149892, 18.22421
35, 20,2.656543,4.33473,3.659046,3.775334, 0.1006156, 18.78988
35, 21,2.815004,4.767728,3.775334,4.11682, 0.1006156, 22.73124
35, 22,4.285764,4.694142,4.11682,4.558016, 0.1106771, 22.03497
35, 23,3.850448,5.059961,4.558016,4.65679, 0.1106771, 25.60321
35, 24,3.84568,5.133563,4.65679,4.704268, 0.1217448, 26.35346
35, 25,3.298587,4.919706,4.704268,4.379333, 0.1217448, 24.20351
35, 26,2.995846,4.503016,4.379333,4.000626, 0.1065267, 20.27715
35, 27,3.705009,4.951769,4.000626,4.536182, 0.09321089, 24.52002
35, 28,4.195734,4.299161,4.536182,4.264686, 0.09321089, 18.48279
35, 29,3.142451,4.623501,4.264686,4.129818, 0.08155953, 21.37676
35, 30,3.612306,4.782513,4.129818,4.392444, 0.07136459, 22.87243
35, 31,3.156969,4.750178,4.392444,4.219109, 0.07136459, 22.56419
35, 32,2.913259,5.088178,4.219109,4.363205, 0.06244402, 25.88955
35, 33,2.507971,4.454298,4.363205,3.805522, 0.06244402, 19.84077
35, 34,3.405438,4.336313,3.805522,4.026021, 0.05463851, 18.80361
36, 1,2.683094,3.65328,0,3.329885, 0.2, 13.34646
36, 2,3.209392,3.895638,3.329885,3.666889, 0.2, 15.17599
36, 3,2.894785,4.246513,3.666889,3.795937, 0.22, 18.03288
36, 4,2.673939,3.951225,3.795937,3.525463, 0.22, 15.61218
36, 5,3.334689,4.61431,3.525463,4.187769, 0.1925, 21.29186
36, 6,3.757263,4.338082,4.187769,4.144475, 0.1925, 18.81895
36, 7,2.918746,4.570726,4.144475,4.020066, 0.1684375, 20.89153
36, 8,3.031427,4.161103,4.020066,3.784544, 0.1473828, 17.31478
36, 9,2.362689,3.995995,3.784544,3.45156, 0.12896, 15.96798
36, 10,2.512465,3.854599,3.45156,3.407221, 0.11284, 14.85794
36, 11,1.844721,3.819057,3.407221,3.160945, 0.09873497, 14.5852
36, 12,0.08053615,1.029739,3.160945,0.7133381, 0.0863931, 1.060363
37, 1,2.365656,3.817372,0,3.333467, 0.2, 14.57233
37, 2,2.801166,3.958731,3.333467,3.572876, 0.2, 15.67155
37, 3,2.459865,4.143817,3.572876,3.5825, 0.22, 17.17122
37, 4,2.905846,4.169221,3.5825,3.748096, 0.22, 17.38241
37, 5,2.743587,4.788103,3.748096,4.106597, 0.242, 22.92593
37, 6,4.409537,4.585359,4.106597,4.526752, 0.242, 21.02551
37, 7,2.971341,4.641244,4.526752,4.08461, 0.2662, 21.54115
37, 8,2.830647,4.775633,4.08461,4.127304, 0.232925, 22.80667
37, 9,2.824028,4.674289,4.127304,4.057536, 0.232925, 21.84898
37, 10,3.478912,4.864575,4.057536,4.402687, 0.2038094, 23.66409
37, 11,2.849197,4.639392,4.402687,4.042661, 0.2038094, 21.52396
37, 12,3.15994,4.345869,4.042661,3.950559, 0.1783332, 18.88658
37, 13,2.545742,4.510686,3.950559,3.855705, 0.1560416, 20.34629
37, 14,2.071984,4.604488,3.855705,3.76032, 0.1365364, 21.20131
37, 15,2.921046,4.364443,3.76032,3.883311, 0.1194693, 19.04836
37, 16,3.262094,4.540506,3.883311,4.114369, 0.1194693, 20.6162
37, 17,2.722382,4.590401,4.114369,3.967728, 0.1314162, 21.07178
37, 18,3.042778,4.541838,3.967728,4.042151, 0.1149892, 20.62829
37, 19,2.854367,4.439712,4.042151,3.911263, 0.1149892, 19.71104
37, 20,2.783819,4.132836,3.911263,3.683164, 0.1006156, 17.08033
37, 21,2.833917,4.753956,3.683164,4.113943, 0.08803862, 22.6001
37, 22,3.113723,4.483514,4.113943,4.026917, 0.08803862, 20.1019
37, 23,2.506036,4.478014,4.026917,3.820688, 0.07703379, 20.0526
37, 24,2.856874,4.478393,3.820688,3.937887, 0.06740457, 20.056
37, 25,3.167687,4.495221,3.937887,4.05271, 0.06740457, 20.20701
37, 26,2.586942,4.267122,4.05271,3.707062, 0.07414503, 18.20833
37, 27,2.581617,4.348064,3.707062,3.759248, 0.0648769, 18.90566
37, 28,2.910584,4.322455,3.759248,3.851831, 0.0648769, 18.68361
37, 29,2.745807,4.6096,3.851831,3.988335, 0.07136459, 21.24841
37, 30,3.108337,4.640433,3.988335,4.129735, 0.07136459, 21.53362
37, 31,2.688515,4.572793,4.129735,3.944701, 0.07850105, 20.91044
37, 32,2.548342,4.703943,3.944701,3.985409, 0.06868842, 22.12708
37, 33,3.049949,4.581444,3.985409,4.070946, 0.06868842, 20.98963
37, 34,3.489544,4.249732,4.070946,3.996336, 0.07555727, 18.06023
37, 35,2.908177,4.69781,3.996336,4.101266, 0.06611261, 22.06942
38, 1,2.332678,3.608935,0,3.183516, 0.2, 13.02441
38, 2,2.673863,4.057837,3.183516,3.596513, 0.2, 16.46605
38, 3,2.582166,4.43804,3.596513,3.819416, 0.22, 19.6962
38, 4,2.627237,4.152338,3.819416,3.643971, 0.22, 17.24191
38, 5,2.972326,4.96713,3.643971,4.302195, 0.1925, 24.67238
38, 6,3.314022,4.570261,4.302195,4.151515, 0.1925, 20.88729
38, 7,3.242065,4.77217,4.151515,4.262135, 0.1684375, 22.7736
38, 8,2.99366,4.667637,4.262135,4.109644, 0.1684375, 21.78683
38, 9,2.654919,4.458899,4.109644,3.857573, 0.1473828, 19.88179
38, 10,2.831463,4.346844,3.857573,3.841717, 0.12896, 18.89506
38, 11,2.580093,4.282743,3.841717,3.715193, 0.11284, 18.34189
38, 12,2.777742,4.077637,3.715193,3.644338, 0.09873497, 16.62712
38, 13,2.203352,3.836326,3.644338,3.292001, 0.0863931, 14.7174
38, 14,2.965421,4.185228,3.292001,3.778626, 0.07559396, 17.51614
38, 15,2.505388,3.898667,3.778626,3.434241, 0.07559396, 15.1996
38, 16,2.436211,3.808478,3.434241,3.351056, 0.06614472, 14.5045
39, 1,2.336728,3.655385,0,3.215833, 0.2, 13.36184
39, 2,3.152093,4.089877,3.215833,3.777282, 0.2, 16.72709
39, 3,2.590179,4.27164,3.777282,3.711153, 0.22, 18.24691
39, 4,2.542409,4.190444,3.711153,3.641099, 0.1925, 17.55982
40, 1,2.642836,3.738994,0,3.373608, 0.2, 13.98008
40, 2,3.534288,3.916485,3.373608,3.789086, 0.2, 15.33885
40, 3,2.918688,4.403587,3.789086,3.908621, 0.22, 19.39158
40, 4,3.461704,4.337672,3.908621,4.045682, 0.22, 18.8154
40, 5,3.225191,5.115519,4.045682,4.48541, 0.242, 26.16853
40, 6,4.730672,4.784966,4.48541,4.766868, 0.242, 22.8959
40, 7,3.113869,4.686134,4.766868,4.162045, 0.2662, 21.95985
40, 8,2.787806,4.548918,4.162045,3.961881, 0.232925, 20.69265
40, 9,3.384145,4.643213,3.961881,4.223524, 0.2038094, 21.55943
40, 10,3.038368,4.152984,4.223524,3.781446, 0.2038094, 17.24728
40, 11,3.125508,4.516184,3.781446,4.052625, 0.1783332, 20.39592
40, 12,2.924572,4.508332,4.052625,3.980412, 0.1783332, 20.32506
40, 13,3.266905,4.682725,3.980412,4.210785, 0.1961665, 21.92791
40, 14,3.378698,5.224292,4.210785,4.609094, 0.1961665, 27.29323
40, 15,2.442218,3.803448,4.609094,3.349705, 0.2157832, 14.46622
40, 16,2.533732,3.978095,3.349705,3.496641, 0.1888103, 15.82524
40, 17,3.450753,4.348186,3.496641,4.049042, 0.1888103, 18.90672
40, 18,2.476253,4.355363,4.049042,3.728993, 0.2076913, 18.96919
40, 19,3.225972,4.009619,3.728993,3.748403, 0.1817299, 16.07704
40, 20,3.412947,4.063153,3.748403,3.846418, 0.1817299, 16.50922
40, 21,3.611401,4.058665,3.846418,3.909577, 0.1999029, 16.47276
40, 22,1.867738,3.736545,3.909577,3.113609, 0.1999029, 13.96177
40, 23,2.821981,4.134716,3.113609,3.697138, 0.174915, 17.09587
40, 24,2.923294,4.180664,3.697138,3.76154, 0.174915, 17.47795
40, 25,2.224697,3.886327,3.76154,3.33245, 0.1924066, 15.10354
40, 26,1.936837,3.506995,3.33245,2.983609, 0.1683557, 12.29902
40, 27,2.544397,4.423112,2.983609,3.796874, 0.1473113, 19.56392
40, 28,2.300096,3.135019,3.796874,2.856711, 0.1473113, 9.828344
40, 29,2.409831,4.360632,2.856711,3.710365, 0.1288974, 19.01511
40, 30,3.208217,4.047872,3.710365,3.767987, 0.1288974, 16.38527
41, 1,1.940103,3.445755,0,2.943871, 0.2, 11.87322
41, 2,2.183752,3.655404,2.943871,3.164853, 0.2, 13.36198
41, 3,2.67399,3.943254,3.164853,3.520166, 0.22, 15.54926
41, 4,3.141196,3.901402,3.520166,3.648, 0.22, 15.22093
41, 5,3.31347,4.521293,3.648,4.118686, 0.242, 20.44209
41, 6,3.307695,4.599066,4.118686,4.168609, 0.242, 21.15141
41, 7,3.640767,4.679773,4.168609,4.333437, 0.2662, 21.90028
41, 8,2.281385,4.716023,4.333437,3.904477, 0.2662, 22.24088
41, 9,4.707565,4.59943,3.904477,4.635475, 0.22627, 21.15475
41, 10,2.598152,4.154377,4.635475,3.635635, 0.22627, 17.25884
41, 11,2.767513,4.761849,3.635635,4.097071, 0.1923295, 22.67521
41, 12,3.041299,4.390683,4.097071,3.940888, 0.1923295, 19.2781
41, 13,2.376111,4.458583,3.940888,3.764426, 0.1634801, 19.87896
41, 14,2.972377,4.842492,3.764426,4.21912, 0.1389581, 23.44972
41, 15,2.816086,4.097075,4.21912,3.670079, 0.1389581, 16.78602
41, 16,3.169038,4.201915,3.670079,3.857623, 0.1181144, 17.65609
41, 17,2.499907,4.244382,3.857623,3.66289, 0.1181144, 18.01478
41, 18,2.217308,4.483197,3.66289,3.727901, 0.1003972, 20.09906
41, 19,2.141983,3.834884,3.727901,3.270584, 0.1003972, 14.70634
41, 20,2.243851,4.25803,3.270584,3.586637, 0.08533764, 18.13082
41, 21,2.762026,4.615326,3.586637,3.997559, 0.08533764, 21.30123
41, 22,2.798703,4.350635,3.997559,3.833324, 0.09387141, 18.92802
41, 23,3.047255,4.742337,3.833324,4.17731, 0.0797907, 22.48976
41, 24,3.537465,4.757337,4.17731,4.350713, 0.0797907, 22.63225
41, 25,2.879768,4.597506,4.350713,4.024927, 0.08776977, 21.13706
41, 26,2.638486,4.301991,4.024927,3.747489, 0.0746043, 18.50713
41, 27,2.698918,4.737344,3.747489,4.057869, 0.06341366, 22.44243
41, 28,2.953605,4.028008,4.057869,3.669874, 0.06341366, 16.22485
41, 29,2.538362,4.478918,3.669874,3.832066, 0.05390161, 20.06071
41, 30,3.115919,4.680442,3.832066,4.158935, 0.05390161, 21.90654
42, 1,2.094891,3.39555,0,2.961997, 0.2, 11.52976
42, 2,2.355986,3.566101,2.961997,3.162729, 0.2, 12.71708
42, 3,2.289814,3.923333,3.162729,3.378826, 0.22, 15.39254
42, 4,2.732342,3.961087,3.378826,3.551505, 0.22, 15.69021
42, 5,2.447623,4.536976,3.551505,3.840525, 0.242, 20.58415
42, 6,3.062381,4.247715,3.840525,3.852603, 0.242, 18.04308
42, 7,4.001496,5.010828,3.852603,4.674384, 0.2662, 25.10839
42, 8,3.290685,4.388395,4.674384,4.022491, 0.2662, 19.25801
42, 9,3.634055,4.424757,4.022491,4.161189, 0.22627, 19.57847
42, 10,2.747359,4.105866,4.161189,3.65303, 0.22627, 16.85813
42, 11,2.780626,4.232594,3.65303,3.748605, 0.1923295, 17.91485
42, 12,2.822893,4.086292,3.748605,3.665159, 0.1923295, 16.69778
42, 13,2.865696,4.24548,3.665159,3.785552, 0.2115625, 18.0241
42, 14,3.31259,4.24675,3.785552,3.935363, 0.2115625, 18.03488
42, 15,1.947594,2.859064,3.935363,2.555241, 0.2327187, 8.174246
42, 16,2.401701,3.44587,2.555241,3.097814, 0.1978109, 11.87402
42, 17,1.785558,2.776912,3.097814,2.44646, 0.1978109, 7.711239
42, 18,2.945454,4.288079,2.44646,3.840537, 0.1681393, 18.38762
42, 19,2.33069,3.089643,3.840537,2.836659, 0.1681393, 9.545895
42, 20,2.421536,3.360615,2.836659,3.047589, 0.1429184, 11.29373
42, 21,2.091862,3.250396,3.047589,2.864218, 0.1429184, 10.56508
42, 22,2.391403,4.048926,2.864218,3.496418, 0.1214806, 16.39381
42, 23,2.049569,3.344553,3.496418,2.912891, 0.1214806, 11.18603
42, 24,1.620259,3.480667,2.912891,2.860531, 0.1032585, 12.11504
42, 25,2.599665,4.184313,2.860531,3.656097, 0.1032585, 17.50847
42, 26,2.239337,3.237602,3.656097,2.904847, 0.1135844, 10.48207
42, 27,2.885772,4.046893,2.904847,3.659853, 0.09654674, 16.37734
42, 28,2.374611,2.987297,3.659853,2.783069, 0.09654674, 8.923945
42, 29,2.335129,4.174553,2.783069,3.561412, 0.08206473, 17.4269
42, 30,2.179955,3.545303,3.561412,3.090187, 0.08206473, 12.56917
43, 1,2.490812,3.408891,0,3.102865, 0.2, 11.62054
43, 2,2.614851,3.521124,3.102865,3.219033, 0.2, 12.39831
43, 3,2.928418,4.053254,3.219033,3.678309, 0.22, 16.42887
43, 4,3.049223,3.743512,3.678309,3.512082, 0.22, 14.01388
43, 5,3.057146,4.297678,3.512082,3.884168, 0.187, 18.47004
43, 6,3.495391,4.203837,3.884168,3.967688, 0.187, 17.67224
43, 7,3.493237,4.57751,3.967688,4.216086, 0.2057, 20.9536
43, 8,2.522005,4.180714,4.216086,3.627811, 0.2057, 17.47837
43, 9,3.873724,4.458038,3.627811,4.263267, 0.174845, 19.8741
43, 10,3.297628,4.128706,4.263267,3.85168, 0.174845, 17.04621
43, 11,3.295991,4.219451,3.85168,3.911631, 0.1486183, 17.80377
43, 12,3.491811,4.479859,3.911631,4.150509, 0.1486183, 20.06914
43, 13,3.231777,4.508275,4.150509,4.082776, 0.1634801, 20.32454
43, 14,2.915579,4.851011,4.082776,4.205867, 0.1634801, 23.53231
43, 15,3.006173,3.498217,4.205867,3.334203, 0.1798281, 12.23752
43, 16,4.03113,4.111401,3.334203,4.084644, 0.1528539, 16.90362
43, 17,3.707708,4.231085,4.084644,4.056626, 0.1528539, 17.90208
43, 18,3.265641,4.683173,4.056626,4.210663, 0.1681393, 21.93211
43, 19,1.788129,2.913728,4.210663,2.538528, 0.1681393, 8.489811
43, 20,3.140342,3.562784,2.538528,3.42197, 0.1429184, 12.69343
43, 21,2.631165,3.964741,3.42197,3.520216, 0.1429184, 15.71917
43, 22,1.855565,3.68242,3.520216,3.073469, 0.1572103, 13.56022
43, 23,3.131303,4.093652,3.073469,3.772869, 0.1336287, 16.75798
43, 24,2.38143,3.641017,3.772869,3.221154, 0.1336287, 13.257
43, 25,2.379315,3.570676,3.221154,3.173556, 0.1135844, 12.74973
43, 26,2.540431,3.577554,3.173556,3.231846, 0.1135844, 12.79889
43, 27,2.509924,3.842215,3.231846,3.398118, 0.1249429, 14.76262
43, 28,1.942382,3.01511,3.398118,2.657534, 0.1249429, 9.090886
43, 29,2.94176,4.426456,2.657534,3.931557, 0.1062015, 19.59352
43, 30,2.109623,3.244117,3.931557,2.865952, 0.1062015, 10.5243
44, 1,2.82763,3.700207,0,3.263919, 0.2, 13.69153
44, 2,3.06941,3.736846,3.263919,3.403128, 0.2, 13.96402
44, 3,3.111507,4.270404,3.403128,3.690955, 0.22, 18.23635
44, 4,3.013705,3.91699,3.690955,3.465347, 0.22, 15.34281
44, 5,3.388981,4.506402,3.465347,3.947691, 0.187, 20.30766
44, 6,3.495764,4.283548,3.947691,3.889656, 0.187, 18.34878
44, 7,4.08186,4.641127,3.889656,4.361494, 0.2057, 21.54006
44, 8,2.949452,4.381786,4.361494,3.665619, 0.2057, 19.20005
44, 9,2.366974,3.792322,3.665619,3.079648, 0.174845, 14.38171
44, 10,3.277235,4.101532,3.079648,3.689383, 0.1486183, 16.82256
44, 11,2.675193,4.240961,3.689383,3.458077, 0.1486183, 17.98575
44, 12,3.038011,4.058788,3.458077,3.5484, 0.1263255, 16.47376
44, 13,3.446945,4.433223,3.5484,3.940084, 0.1263255, 19.65347
44, 14,2.793403,4.60998,3.940084,3.701691, 0.1389581, 21.25191
44, 15,3.164092,3.972199,3.701691,3.568145, 0.1181144, 15.77836
44, 16,3.199625,4.235387,3.568145,3.717506, 0.1003972, 17.9385
44, 17,2.691234,3.952568,3.717506,3.321901, 0.1003972, 15.62279
44, 18,3.135086,4.168008,3.321901,3.651547, 0.08533765, 17.3723
44, 19,2.905669,4.016872,3.651547,3.46127, 0.08533765, 16.13526
44, 20,3.280244,4.014247,3.46127,3.647245, 0.072537, 16.11418
44, 21,2.93293,4.243491,3.647245,3.58821, 0.072537, 18.00721
44, 22,3.182309,4.189429,3.58821,3.685869, 0.0797907, 17.55132
44, 23,3.160763,4.170387,3.685869,3.665575, 0.0797907, 17.39212
44, 24,2.737036,4.382324,3.665575,3.55968, 0.08776978, 19.20476
44, 25,3.04234,3.970841,3.55968,3.50659, 0.07460431, 15.76758
44, 26,3.983515,4.096275,3.50659,4.039895, 0.07460431, 16.77947
44, 27,3.088055,4.435774,4.039895,3.761915, 0.08206474, 19.67609
44, 28,3.368074,4.136805,3.761915,3.75244, 0.06975503, 17.11316
44, 29,3.77724,4.46084,3.75244,4.11904, 0.06975503, 19.89909
44, 30,3.229655,4.309997,4.11904,3.769826, 0.07673053, 18.57607
45, 1,1.704299,3.471734,0,2.588016, 0.2, 12.05293
45, 2,2.203738,3.49688,2.588016,2.850309, 0.2, 12.22817
45, 3,2.637588,3.617827,2.850309,3.127708, 0.22, 13.08868
45, 4,2.505873,3.856333,3.127708,3.181103, 0.22, 14.87131
45, 5,2.704759,3.799036,3.181103,3.251898, 0.242, 14.43268
45, 6,2.718735,3.924151,3.251898,3.321443, 0.242, 15.39896
45, 7,2.305839,3.907922,3.321443,3.106881, 0.2662, 15.27186
45, 8,2.232952,3.711549,3.106881,2.97225, 0.22627, 13.7756
45, 9,2.543792,3.519452,2.97225,3.031622, 0.1923295, 12.38654
45, 10,2.506702,3.627273,3.031622,3.066988, 0.1923295, 13.15711
45, 11,2.670254,3.919001,3.066988,3.294628, 0.2115625, 15.35857
45, 12,2.454324,3.800757,3.294628,3.127541, 0.2115625, 14.44575
45, 13,2.648613,3.747555,3.127541,3.198084, 0.1798281, 14.04417
45, 14,2.243571,3.539707,3.198084,2.891639, 0.1798281, 12.52953
45, 15,2.187808,3.097861,2.891639,2.642835, 0.1528539, 9.596743
45, 16,1.864517,3.59756,2.642835,2.731039, 0.1299258, 12.94244
45, 17,2.192539,3.554487,2.731039,2.873513, 0.1299258, 12.63438
45, 18,2.302314,3.634194,2.873513,2.968254, 0.1429184, 13.20736
45, 19,2.133137,3.674971,2.968254,2.904054, 0.1214807, 13.50541
45, 20,2.231075,3.756297,2.904054,2.993686, 0.1214807, 14.10976
45, 21,2.088168,3.406441,2.993686,2.747305, 0.1032586, 11.60384
45, 22,2.408544,3.403413,2.747305,2.905978, 0.08776978, 11.58322
45, 23,2.315632,3.838616,2.905978,3.077124, 0.08776978, 14.73497
45, 24,2.623147,3.919715,3.077124,3.271431, 0.09654675, 15.36417
45, 25,2.159134,3.766524,3.271431,2.962829, 0.09654675, 14.18671
45, 26,2.18987,3.388422,2.962829,2.789146, 0.08206474, 11.4814
45, 27,2.386198,3.85344,2.789146,3.119819, 0.06975503, 14.849
45, 28,2.576865,3.55988,3.119819,3.068373, 0.06975503, 12.67275
45, 29,2.450504,3.858112,3.068373,3.154308, 0.07673053, 14.88503
45, 30,2.106788,3.496395,3.154308,2.801591, 0.06522096, 12.22478
46, 1,2.224725,3.376436,0,2.800581, 0.2, 11.40032
46, 2,1.974651,3.18151,2.800581,2.578081, 0.2, 10.12201
46, 3,2.292434,3.059994,2.578081,2.676214, 0.17, 9.363561
46, 4,2.331966,3.503597,2.676214,2.917782, 0.17, 12.2752
46, 5,2.730492,3.47337,2.917782,3.101931, 0.187, 12.0643
46, 6,2.344353,3.552922,3.101931,2.948638, 0.187, 12.62326
46, 7,1.837457,3.342417,2.948638,2.589937, 0.15895, 11.17175
46, 8,2.370787,3.30854,2.589937,2.839663, 0.1351075, 10.94643
46, 9,2.532685,4.050045,2.839663,3.291365, 0.1351075, 16.40287
46, 10,2.780946,3.851456,3.291365,3.316201, 0.1486183, 14.83372
46, 11,2.665488,3.790301,3.316201,3.227894, 0.1486183, 14.36638
46, 12,2.387119,3.776593,3.227894,3.081856, 0.1634801, 14.26266
46, 13,3.403238,3.808679,3.081856,3.605958, 0.1389581, 14.50603
46, 14,3.430777,3.218481,3.605958,3.324629, 0.1389581, 10.35862
46, 15,2.425501,3.492105,3.324629,2.958803, 0.1181144, 12.1948
46, 16,3.010767,3.857584,2.958803,3.434175, 0.1003972, 14.88096
46, 17,3.234355,3.870424,3.434175,3.55239, 0.1003972, 14.98018
46, 18,3.263563,3.526792,3.55239,3.395177, 0.110437, 12.43826
46, 19,3.228571,3.737262,3.395177,3.482917, 0.09387141, 13.96713
46, 20,2.778845,4.01277,3.482917,3.395807, 0.09387141, 16.10232
46, 21,2.585073,3.737326,3.395807,3.1612, 0.1032586, 13.96761
46, 22,3.019858,3.456656,3.1612,3.238257, 0.08776978, 11.94847
46, 23,2.73212,3.584194,3.238257,3.158157, 0.08776978, 12.84645
46, 24,2.839267,3.749541,3.158157,3.294404, 0.09654675, 14.05906
46, 25,2.887758,3.580334,3.294404,3.234046, 0.09654675, 12.81879
46, 26,3.012735,4.002843,3.234046,3.507789, 0.1062014, 16.02276
46, 27,2.355427,3.289831,3.507789,2.822629, 0.1062014, 10.82299
46, 28,3.074215,3.631531,2.822629,3.352873, 0.09027122, 13.18801
46, 29,2.692806,3.432665,3.352873,3.062736, 0.09027122, 11.78319
46, 30,3.03392,3.738751,3.062736,3.386336, 0.07673054, 13.97826
46, 31,3.632598,3.957483,3.386336,3.79504, 0.07673054, 15.66167
47, 1,7.153224,11.74693,0,9.450079, 0.05, 11.74693
47, 2,5.781005,11.62997,9.450079,8.705487, 0.05, 11.62997
47, 3,8.262696,10.56886,8.705487,9.415781, 0.0425, 10.56886
47, 4,6.633057,12.03218,9.415781,9.332621, 0.0425, 12.03218
47, 5,10.31431,13.45406,9.332621,11.88419, 0.04675, 13.45406
47, 6,9.146369,14.31817,11.88419,11.73227, 0.04675, 14.31817
47, 7,6.096356,13.58389,11.73227,9.840124, 0.0397375, 13.58389
47, 8,7.650891,12.80504,9.840124,10.22796, 0.03377688, 12.80504
47, 9,7.603287,15.28485,10.22796,11.44407, 0.03377688, 15.28485
47, 10,11.99951,12.90131,11.44407,12.45041, 0.03715457, 12.90131
47, 11,7.91756,14.32067,12.45041,11.11911, 0.03715457, 14.32067
47, 12,9.635256,16.1784,11.11911,12.90683, 0.03158138, 16.1784
47, 13,7.672962,14.22548,12.90683,10.94922, 0.03158138, 14.22548
47, 14,6.228593,10.20204,10.94922,8.215316, 0.02684418, 10.20204
47, 15,8.721964,14.69404,8.215316,11.708, 0.02281755, 14.69404
47, 16,7.243454,17.76944,11.708,12.50645, 0.02281755, 17.76944
47, 17,12.79517,16.29728,12.50645,14.54622, 0.02509931, 16.29728
47, 18,15.56715,16.45203,14.54622,16.00959, 0.02509931, 16.45203
47, 19,13.06024,21.5799,16.00959,17.32007, 0.02760924, 21.5799
47, 20,10.46756,21.43136,17.32007,15.94946, 0.02760924, 21.43136
47, 21,10.15943,18.32974,15.94946,14.24459, 0.02346785, 18.32974
47, 22,13.37053,14.53394,14.24459,13.95224, 0.01994768, 14.53394
47, 23,9.797612,15.4787,13.95224,12.63815, 0.01994768, 15.4787
47, 24,12.98355,16.94825,12.63815,14.9659, 0.01695552, 16.94825
47, 25,11.09014,15.33315,14.9659,13.21165, 0.01695552, 15.33315
47, 26,9.924954,18.05425,13.21165,13.9896, 0.0144122, 18.05425
47, 27,6.851654,14.65263,13.9896,10.75214, 0.0144122, 14.65263
47, 28,7.792463,15.45118,10.75214,11.62182, 0.01225037, 15.45118
47, 29,6.652775,13.5996,11.62182,10.12619, 0.01225037, 13.5996
47, 30,7.611786,15.73129,10.12619,11.67154, 0.01041281, 15.73129
47, 31,9.89228,14.00398,11.67154,11.94813, 0.01041281, 14.00398
47, 32,5.480988,16.80922,11.94813,11.1451, 0.0114541, 16.80922
48, 1,4.656582,10.94448,0,7.800531, 0.085, 10.94448
48, 2,4.884637,13.77441,7.800531,9.329524, 0.085, 13.77441
48, 3,7.220807,12.17261,9.329524,9.69671, 0.0935, 12.17261
48, 4,8.455279,12.05582,9.69671,10.25555, 0.0935, 12.05582
48, 5,6.698373,10.81101,10.25555,8.754692, 0.10285, 10.81101
48, 6,8.246799,12.77547,8.754692,10.51114, 0.08742251, 12.77547
48, 7,5.009588,14.32586,10.51114,9.667723, 0.08742251, 14.32586
48, 8,4.73803,9.686108,9.667723,7.212069, 0.07430913, 9.686108
48, 9,9.50974,14.19291,7.212069,11.85132, 0.06316277, 14.19291
48, 10,7.13967,10.20174,11.85132,8.670707, 0.06316277, 10.20174
48, 11,9.875382,10.98466,8.670707,10.43002, 0.05368835, 10.98466
48, 12,6.372653,10.71949,10.43002,8.546074, 0.05368835, 10.71949
48, 13,8.198564,10.08083,8.546074,9.139696, 0.0456351, 10.08083
48, 14,6.48308,11.12604,9.139696,8.804562, 0.0456351, 11.12604
48, 15,8.553781,11.57956,8.804562,10.06667, 0.03878984, 11.57956
48, 16,8.81436,11.23834,10.06667,10.02635, 0.03878984, 11.23834
48, 17,4.718411,12.40827,10.02635,8.56334, 0.04266882, 12.40827
48, 18,7.604456,9.267262,8.56334,8.43586, 0.0362685, 9.267262
48, 19,7.25751,12.8103,8.43586,10.0339, 0.03082823, 12.8103
48, 20,6.204408,10.27324,10.0339,8.238826, 0.03082823, 10.27324
48, 21,8.43661,12.4251,8.238826,10.43085, 0.026204, 12.4251
48, 22,6.248711,11.96661,10.43085,9.10766, 0.026204, 11.96661
48, 23,11.20601,9.782769,9.10766,10.49439, 0.0222734, 9.782769
48, 24,7.49808,13.12788,10.49439,10.31298, 0.0222734, 13.12788
48, 25,7.645371,12.63973,10.31298,10.14255, 0.01893239, 12.63973
48, 26,5.470202,12.11979,10.14255,8.794996, 0.01609253, 12.11979
48, 27,7.46205,11.50561,8.794996,9.483831, 0.01609253, 11.50561
48, 28,6.459475,11.80803,9.483831,9.133754, 0.01770178, 11.80803
48, 29,7.76694,12.58585,9.133754,10.1764, 0.01504652, 12.58585
48, 30,7.45069,12.38967,10.1764,9.92018, 0.01504652, 12.38967
48, 31,8.939726,14.12858,9.92018,11.53415, 0.01278954, 14.12858
49, 1,4.349185,9.240326,0,6.794755, 0.11, 9.240326
49, 2,7.071126,12.26198,6.794755,9.666552, 0.11, 12.26198
49, 3,7.756577,12.03415,9.666552,9.895361, 0.121, 12.03415
49, 4,10.59303,13.98528,9.895361,12.28915, 0.121, 13.98528
49, 5,10.63936,11.54137,12.28915,11.09036, 0.1331, 11.54137
49, 6,7.161816,11.28911,11.09036,9.225461, 0.113135, 11.28911
49, 7,7.478357,15.69633,9.225461,11.58734, 0.09616476, 15.69633
49, 8,6.485606,11.42341,11.58734,8.954507, 0.09616476, 11.42341
49, 9,7.476603,15.01301,8.954507,11.24481, 0.08174004, 15.01301
49, 10,9.127741,12.95765,11.24481,11.04269, 0.08174004, 12.95765
49, 11,9.814255,12.96691,11.04269,11.39058, 0.06947904, 12.96691
49, 12,8.172195,12.56625,11.39058,10.36922, 0.06947904, 12.56625
49, 13,8.865991,11.30803,10.36922,10.08701, 0.05905719, 11.30803
49, 14,10.42206,12.38573,10.08701,11.40389, 0.05019861, 12.38573
49, 15,8.352088,14.16798,11.40389,11.26003, 0.05019861, 14.16798
49, 16,11.75397,12.64265,11.26003,12.19831, 0.04266882, 12.64265
49, 17,9.549982,14.10081,12.19831,11.82539, 0.04266882, 14.10081
49, 18,9.004094,10.66213,11.82539,9.833112, 0.0362685, 10.66213
49, 19,8.464402,14.5914,9.833112,11.5279, 0.03082822, 14.5914
49, 20,8.512211,11.05853,11.5279,9.785372, 0.03082822, 11.05853
49, 21,8.067286,12.7654,9.785372,10.41634, 0.02620399, 12.7654
49, 22,5.541436,12.66476,10.41634,9.103099, 0.02620399, 12.66476
49, 23,9.379684,10.98573,9.103099,10.18271, 0.02227339, 10.98573
49, 24,6.67666,13.40244,10.18271,10.03955, 0.02227339, 13.40244
49, 25,8.363213,13.20783,10.03955,10.78552, 0.01893239, 13.20783
49, 26,5.62128,12.6809,10.78552,9.151088, 0.01893239, 12.6809
49, 27,9.1774,12.42264,9.151088,10.80002, 0.01609253, 12.42264
49, 28,9.407859,12.77552,10.80002,11.09169, 0.01609253, 12.77552
49, 29,7.259676,12.54185,11.09169,9.900763, 0.01770178, 12.54185
49, 30,7.153077,13.31098,9.900763,10.23203, 0.01504651, 13.31098
50, 1,3.950607,18.66072,0,11.30567, 0.13, 18.66072
50, 2,7.934987,22.50903,11.30567,15.22201, 0.13, 22.50903
50, 3,12.24299,21.67648,15.22201,16.95973, 0.143, 21.67648
50, 4,7.494766,21.65545,16.95973,14.57511, 0.143, 21.65545
50, 5,8.249784,20.49873,14.57511,14.37426, 0.12155, 20.49873
50, 6,9.719539,22.02157,14.37426,15.87056, 0.1033175, 22.02157
50, 7,10.17704,28.87556,15.87056,19.5263, 0.1033175, 28.87556
50, 8,8.952012,23.31821,19.5263,16.13511, 0.1136492, 23.31821
50, 9,10.77413,29.52435,16.13511,20.14924, 0.09660187, 29.52435
50, 10,7.313309,26.68014,20.14924,16.99673, 0.09660187, 26.68014
50, 11,9.778459,28.08029,16.99673,18.92937, 0.08211159, 28.08029
50, 12,9.034964,26.61063,18.92937,17.8228, 0.08211159, 26.61063
50, 13,9.522784,31.4369,17.8228,20.47985, 0.06979486, 31.4369
50, 14,7.468926,28.64848,20.47985,18.0587, 0.06979486, 28.64848
50, 15,12.24741,28.64764,18.0587,20.44753, 0.05932563, 28.64764
50, 16,5.482224,25.51039,20.44753,15.4963, 0.05932563, 25.51039
50, 17,10.58246,28.55052,15.4963,19.56649, 0.05042678, 28.55052
50, 18,6.259938,27.19668,19.56649,16.72831, 0.05042678, 27.19668
50, 19,10.16953,22.57726,16.72831,16.3734, 0.04286277, 22.57726
50, 20,9.587487,23.28573,16.3734,16.43661, 0.03643335, 23.28573
50, 21,8.131471,27.51461,16.43661,17.82304, 0.03643335, 27.51461
50, 22,8.536067,24.55795,17.82304,16.54701, 0.04007669, 24.55795
50, 23,15.92278,26.37133,16.54701,21.14706, 0.03406519, 26.37133
50, 24,10.48646,26.03939,21.14706,18.26292, 0.03406519, 26.03939
50, 25,12.95743,29.32985,18.26292,21.14364, 0.02895541, 29.32985
50, 26,8.591497,27.14123,21.14364,17.86636, 0.02895541, 27.14123
50, 27,8.631188,24.97336,17.86636,16.80228, 0.0246121, 24.97336
50, 28,17.32091,28.37852,16.80228,22.84971, 0.02092029, 28.37852
50, 29,10.31384,33.91041,22.84971,22.11212, 0.02092029, 33.91041
50, 30,8.957085,23.84294,22.11212,16.40001, 0.01778224, 23.84294
52, 1,3.575696,11.44837,0,7.512035, 0.13, 11.44837
52, 2,8.142107,11.46739,7.512035,9.804747, 0.13, 11.46739
52, 3,18.0213,13.58299,9.804747,15.80214, 0.143, 13.58299
52, 4,9.710101,22.45469,15.80214,16.0824, 0.143, 22.45469
52, 5,5.981538,18.06456,16.0824,12.02305, 0.1573, 18.06456
52, 6,9.502312,23.83996,12.02305,16.67113, 0.133705, 23.83996
52, 7,9.39486,15.68945,16.67113,12.54216, 0.133705, 15.68945
52, 8,15.56489,23.42262,12.54216,19.49376, 0.1136493, 23.42262
52, 9,7.679662,22.3425,19.49376,15.01108, 0.1136493, 22.3425
52, 10,8.80127,25.12248,15.01108,16.96187, 0.09660187, 25.12248
52, 11,6.277813,16.62661,16.96187,11.45221, 0.09660187, 16.62661
52, 12,5.637363,15.62598,11.45221,10.63167, 0.0821116, 15.62598
52, 13,6.817384,22.10405,10.63167,14.46072, 0.06979486, 22.10405
52, 14,17.67919,28.95716,14.46072,23.31818, 0.06979486, 28.95716
52, 15,4.638349,22.14065,23.31818,13.3895, 0.07677434, 22.14065
52, 16,10.83854,25.09098,13.3895,17.96476, 0.0652582, 25.09098
52, 17,11.334,27.25689,17.96476,19.29544, 0.0652582, 27.25689
52, 18,2.465327,10.81551,19.29544,6.640417, 0.07178402, 10.81551
52, 19,4.590497,18.58363,6.640417,11.58706, 0.06101642, 18.58363
52, 20,3.231221,22.33324,11.58706,12.78223, 0.06101642, 22.33324
52, 21,11.58297,31.61296,12.78223,21.59796, 0.06711806, 31.61296
52, 22,1.293212,14.30782,21.59796,7.800518, 0.06711806, 14.30782
52, 23,0.4900968,8.986871,7.800518,4.738484, 0.05705035, 8.986871
52, 24,2.218999,12.23999,4.738484,7.229496, 0.0484928, 12.23999
52, 25,2.814978,22.02554,7.229496,12.42026, 0.0484928, 22.02554
52, 26,0.1608435,3.216582,12.42026,1.688713, 0.05334209, 3.216582
52, 27,0.0006321708,1.785321,1.688713,0.8929766, 0.04534077, 1.785321
52, 28,1.745603,13.88535,0.8929766,7.815475, 0.03853966, 13.88535
52, 29,0.5972685,8.24209,7.815475,4.419679, 0.03853966, 8.24209
52, 30,0.0004220046,2.056362,4.419679,1.028392, 0.03275871, 2.056362
53, 1,0.001703604,4.496772,0,2.249238, 0.13, 4.496772
53, 1,0.001703604,4.496772,0,2.249238, 0.13, 4.496772
54, 1,4.211199,15.70355,0,9.957373, 0.13, 15.70355
54, 2,4.08659,12.15049,9.957373,8.118538, 0.13, 12.15049
54, 1,4.112174,13.60447,0,8.858321, 0.13, 13.60447
54, 1,0.8733577,2.341413,0,1.607385, 0.13, 2.341413
54, 2,1.008233,2.706372,1.607385,1.857302, 0.13, 2.706372
54, 3,1.455999,2.921081,1.857302,2.18854, 0.143, 2.921081
54, 4,1.080763,2.920364,2.18854,2.000564, 0.143, 2.920364
54, 5,4.93255,1.139805,2.000564,3.036177, 0.12155, 1.139805
54, 6,1.059362,3.065662,3.036177,2.062512, 0.12155, 3.065662
54, 7,0.961318,2.800651,2.062512,1.880985, 0.1033175, 2.800651
54, 8,1.370668,3.301474,1.880985,2.336071, 0.08781987, 3.301474
54, 9,12.81659,1.906441,2.336071,7.361516, 0.08781987, 1.906441
54, 10,3.998066,3.864222,7.361516,3.931144, 0.09660187, 3.864222
55, 1,3.208716,7.036939,0,5.122828, 0.13, 7.036939
55, 1,0.8944073,2.885781,0,1.890094, 0.13, 2.885781
55, 2,1.068676,3.037128,1.890094,2.052902, 0.13, 3.037128
55, 1,0.439594,1.041247,0,0.7404206, 0.13, 1.041247
56, 1,6.005127,15.94917,0,10.97715, 0.13, 15.94917
56, 2,9.671371,17.15142,10.97715,13.4114, 0.13, 17.15142
56, 3,6.010402,18.54439,13.4114,12.2774, 0.143, 18.54439
56, 4,5.53293,17.02198,12.2774,11.27745, 0.12155, 17.02198
56, 5,9.817686,20.26893,11.27745,15.04331, 0.1033175, 20.26893
56, 6,6.92042,19.38387,15.04331,13.15214, 0.1033175, 19.38387
56, 7,4.736075,16.36973,13.15214,10.5529, 0.08781987, 16.36973
56, 8,10.16183,22.09259,10.5529,16.12721, 0.0746469, 22.09259
56, 9,14.05528,27.06009,16.12721,20.55769, 0.0746469, 27.06009
56, 10,4.283002,17.55459,20.55769,10.9188, 0.08211159, 17.55459
56, 11,10.87133,18.98318,10.9188,14.92726, 0.06979486, 18.98318
56, 12,6.39878,20.54209,14.92726,13.47043, 0.06979486, 20.54209
56, 13,10.75189,26.26917,13.47043,18.51053, 0.05932563, 26.26917
56, 14,5.394438,21.97235,18.51053,13.68339, 0.05932563, 21.97235
56, 15,9.288928,25.98908,13.68339,17.63901, 0.05042678, 25.98908
56, 16,9.24781,28.43102,17.63901,18.83941, 0.05042678, 28.43102
56, 17,7.678852,18.97242,18.83941,13.32564, 0.05546946, 18.97242
56, 18,6.185844,16.29273,13.32564,11.23929, 0.04714905, 16.29273
56, 19,7.611584,21.1832,11.23929,14.39739, 0.04007669, 21.1832
56, 20,9.129065,21.69572,14.39739,15.41239, 0.04007669, 21.69572
56, 21,9.548282,20.51003,15.41239,15.02916, 0.04408436, 20.51003
56, 22,8.649378,23.21735,15.02916,15.93336, 0.03747171, 23.21735
56, 23,7.449605,23.71362,15.93336,15.58161, 0.03747171, 23.71362
56, 24,11.70019,21.96507,15.58161,16.83263, 0.03185095, 21.96507
56, 25,11.94567,21.89565,16.83263,16.92066, 0.03185095, 21.89565
56, 26,18.03079,22.33622,16.92066,20.18351, 0.03503605, 22.33622
56, 27,6.641,18.5847,20.18351,12.61285, 0.03503605, 18.5847
56, 28,8.298728,19.21052,12.61285,13.75463, 0.02978064, 19.21052
56, 29,10.49926,19.73895,13.75463,15.1191, 0.02978064, 19.73895
56, 30,11.24498,20.90977,15.1191,16.07737, 0.03275871, 20.90977
56, 1,0.01273682,0.8230221,0,0.4178794, 0.13, 0.8230221
57, 1,1.007214,2.24808,0,1.627647, 0.13, 2.24808
57, 2,0.945746,2.479054,1.627647,1.7124, 0.13, 2.479054
57, 3,1.858705,3.009228,1.7124,2.433966, 0.143, 3.009228
57, 4,1.565375,3.1429,2.433966,2.354137, 0.143, 3.1429
57, 5,1.408975,3.409314,2.354137,2.409145, 0.1573, 3.409314
57, 6,1.070617,2.853419,2.409145,1.962018, 0.1573, 2.853419
57, 7,26.64005,1.776038,1.962018,14.20805, 0.133705, 1.776038
57, 1,4.063462,14.17844,0,9.120952, 0.13, 14.17844
57, 2,5.73734,14.27965,9.120952,10.00849, 0.13, 14.27965
57, 3,3.258142,16.0657,10.00849,9.661923, 0.143, 16.0657
58, 1,5.307455,14.36284,0,9.835148, 0.13, 14.36284
58, 2,5.252457,14.05406,9.835148,9.653258, 0.13, 14.05406
58, 3,3.843018,14.11144,9.653258,8.977231, 0.1105, 14.11144
58, 4,5.102189,20.30395,8.977231,12.70307, 0.09392501, 20.30395
58, 5,4.645613,20.94924,12.70307,12.79743, 0.09392501, 20.94924
58, 6,6.87066,19.2852,12.79743,13.07793, 0.1033175, 19.2852
58, 7,6.46386,19.59852,13.07793,13.03119, 0.1033175, 19.59852
58, 8,6.528931,19.42967,13.03119,12.9793, 0.08781988, 19.42967
58, 9,3.8873,15.28272,12.9793,9.585011, 0.08781988, 15.28272
58, 10,7.086696,19.2133,9.585011,13.15, 0.07464691, 19.2133
58, 11,6.995963,21.61847,13.15,14.30722, 0.07464691, 21.61847
58, 12,4.333963,20.61079,14.30722,12.47238, 0.0821116, 20.61079
58, 13,9.032409,24.91611,12.47238,16.97426, 0.06979486, 24.91611
58, 14,6.201207,20.66309,16.97426,13.43215, 0.06979486, 20.66309
58, 15,5.993283,23.90579,13.43215,14.94954, 0.05932563, 23.90579
58, 16,5.384041,26.29232,14.94954,15.83818, 0.05932563, 26.29232
58, 17,3.717333,18.65853,15.83818,11.18793, 0.06525819, 18.65853
58, 18,3.556948,17.17951,11.18793,10.36823, 0.05546946, 17.17951
58, 19,7.900513,23.1333,10.36823,15.5169, 0.04714905, 23.1333
58, 20,8.318754,24.31971,15.5169,16.31923, 0.04714905, 24.31971
58, 21,8.18667,26.1773,16.31923,17.18199, 0.05186395, 26.1773
58, 22,6.423111,19.62392,17.18199,13.02352, 0.05186395, 19.62392
58, 23,11.12677,24.04659,13.02352,17.58668, 0.04408436, 24.04659
58, 24,10.62105,23.19184,17.58668,16.90644, 0.04408436, 23.19184
58, 25,8.278575,19.30962,16.90644,13.7941, 0.03747171, 19.30962
58, 26,5.892868,21.3138,13.7941,13.60333, 0.03185095, 21.3138
58, 27,7.070418,23.93149,13.60333,15.50095, 0.03185095, 23.93149
58, 28,7.399266,22.58977,15.50095,14.99452, 0.03503605, 22.58977
58, 29,9.31044,25.02351,14.99452,17.16697, 0.02978064, 25.02351
58, 30,7.26736,17.01781,17.16697,12.14258, 0.02978064, 17.01781
60, 1,3.274126,19.18734,0,11.23073, 0.13, 19.18734
60, 2,4.291633,17.51017,11.23073,10.9009, 0.13, 17.51017
60, 3,3.677095,17.37404,10.9009,10.52557, 0.1105, 17.37404
60, 4,4.648064,21.77438,10.52557,13.21122, 0.09392501, 21.77438
60, 5,6.509866,24.52868,13.21122,15.51927, 0.09392501, 24.52868
60, 6,7.434667,22.11389,15.51927,14.77428, 0.1033175, 22.11389
60, 7,4.983622,20.05426,14.77428,12.51894, 0.08781988, 20.05426
60, 8,5.985403,25.28672,12.51894,15.63606, 0.07464691, 25.28672
60, 9,8.545502,25.10656,15.63606,16.82603, 0.07464691, 25.10656
60, 10,6.416903,20.31198,16.82603,13.36444, 0.0821116, 20.31198
60, 11,6.884547,22.45827,13.36444,14.67141, 0.06979486, 22.45827
60, 12,6.282802,22.76976,14.67141,14.52628, 0.06979486, 22.76976
60, 13,6.563192,23.06205,14.52628,14.81262, 0.07677434, 23.06205
60, 14,4.856648,22.18507,14.81262,13.52086, 0.07677434, 22.18507
60, 15,5.338184,20.75692,13.52086,13.04755, 0.0652582, 20.75692
60, 16,7.66366,22.30452,13.04755,14.98409, 0.05546947, 22.30452
60, 17,6.579737,20.61974,14.98409,13.59974, 0.05546947, 20.61974
60, 18,6.996207,23.2518,13.59974,15.12401, 0.04714905, 23.2518
60, 19,6.1801,24.45922,15.12401,15.31966, 0.04714905, 24.45922
60, 20,7.327285,23.95125,15.31966,15.63927, 0.05186396, 23.95125
60, 21,8.15993,29.30523,15.63927,18.73258, 0.05186396, 29.30523
60, 22,4.053077,23.32182,18.73258,13.68745, 0.05705035, 23.32182
60, 23,5.081958,20.08741,13.68745,12.58469, 0.0484928, 20.08741
60, 24,8.682349,24.83347,12.58469,16.75791, 0.04121888, 24.83347
60, 25,5.995061,19.65234,16.75791,12.8237, 0.04121888, 19.65234
60, 26,7.674132,24.97361,12.8237,16.32387, 0.03503605, 24.97361
60, 27,6.519591,24.65408,16.32387,15.58684, 0.03503605, 24.65408
60, 28,5.655171,25.70894,15.58684,15.68205, 0.02978065, 25.70894
60, 29,5.395267,22.38527,15.68205,13.89027, 0.02531355, 22.38527
60, 30,8.456851,24.84161,13.89027,16.64923, 0.02531355, 24.84161
61, 1,5.84425,15.38398,0,10.61411, 0.13, 15.38398
61, 2,11.12846,16.89487,10.61411,14.01167, 0.13, 16.89487
61, 3,8.084204,20.67384,14.01167,14.37902, 0.143, 20.67384
61, 4,6.436771,25.33096,14.37902,15.88387, 0.143, 25.33096
61, 5,4.489334,21.49055,15.88387,12.98994, 0.1573, 21.49055
61, 6,7.343536,23.43131,12.98994,15.38742, 0.133705, 23.43131
61, 7,4.663207,19.54712,15.38742,12.10516, 0.133705, 19.54712
61, 8,7.879486,26.49391,12.10516,17.1867, 0.1136493, 26.49391
61, 9,4.851857,23.8363,17.1867,14.34408, 0.1136493, 23.8363
61, 10,11.22261,22.73295,14.34408,16.97778, 0.09660187, 22.73295
61, 11,6.794702,22.87204,16.97778,14.83337, 0.09660187, 22.87204
61, 12,5.507155,20.37114,14.83337,12.93915, 0.0821116, 20.37114
61, 13,5.281312,24.29042,12.93915,14.78586, 0.06979486, 24.29042
61, 14,7.031592,22.65041,14.78586,14.841, 0.06979486, 22.65041
61, 15,7.08255,19.24024,14.841,13.16139, 0.07677434, 19.24024
61, 16,10.53175,24.43453,13.16139,17.48314, 0.0652582, 24.43453
61, 17,7.717323,21.63484,17.48314,14.67608, 0.0652582, 21.63484
61, 18,9.975684,22.07535,14.67608,16.02552, 0.05546947, 22.07535
61, 19,12.94685,23.88131,16.02552,18.41408, 0.05546947, 23.88131
61, 20,8.197577,20.53946,18.41408,14.36852, 0.06101642, 20.53946
61, 21,9.994379,24.76176,14.36852,17.37807, 0.05186396, 24.76176
61, 22,12.75248,22.88426,17.37807,17.81837, 0.05186396, 22.88426
61, 23,9.182945,26.07499,17.81837,17.62897, 0.05705035, 26.07499
61, 24,14.65472,25.94315,17.62897,20.29894, 0.0484928, 25.94315
61, 25,8.675088,22.30682,20.29894,15.49095, 0.0484928, 22.30682
61, 26,9.112789,26.81685,15.49095,17.96482, 0.04121888, 26.81685
61, 27,9.795334,26.03417,17.96482,17.91475, 0.04121888, 26.03417
61, 28,10.63094,25.42748,17.91475,18.02921, 0.04534077, 25.42748
61, 29,7.415139,20.93693,18.02921,14.17603, 0.03853966, 20.93693
61, 30,10.35205,24.55432,14.17603,17.45319, 0.03275871, 24.55432
61, 31,7.35359,24.98186,17.45319,16.16773, 0.03275871, 24.98186
61, 32,10.70003,27.04795,16.16773,18.87399, 0.02784491, 27.04795
61, 33,11.66452,29.14679,18.87399,20.40565, 0.02784491, 29.14679
61, 34,9.330483,27.32673,20.40565,18.3286, 0.0306294, 27.32673
61, 35,14.11361,24.28225,18.3286,19.19793, 0.02603499, 24.28225
62, 1,5.035989,15.09356,0,10.06478, 0.13, 15.09356
62, 2,7.340395,15.01839,10.06478,11.17939, 0.13, 15.01839
62, 3,5.251686,18.23386,11.17939,11.74277, 0.143, 18.23386
62, 4,4.513066,20.51236,11.74277,12.51271, 0.143, 20.51236
62, 5,5.0621,21.92136,12.51271,13.49173, 0.1573, 21.92136
62, 6,5.673099,18.05237,13.49173,11.86274, 0.1573, 18.05237
62, 7,5.488094,16.69204,11.86274,11.09007, 0.133705, 16.69204
62, 8,7.808154,22.45291,11.09007,15.13053, 0.1136493, 22.45291
62, 9,5.797902,20.89675,15.13053,13.34733, 0.1136493, 20.89675
62, 10,4.734952,17.06178,13.34733,10.89837, 0.09660187, 17.06178
62, 11,4.160366,18.6236,10.89837,11.39198, 0.0821116, 18.6236
62, 12,4.368336,19.34398,11.39198,11.85616, 0.0821116, 19.34398
62, 13,4.458312,22.11527,11.85616,13.28679, 0.09032276, 22.11527
62, 14,4.360395,17.81363,13.28679,11.08702, 0.09032276, 17.81363
62, 15,3.01305,21.53131,11.08702,12.27218, 0.07677434, 21.53131
62, 16,4.288865,20.28965,12.27218,12.28926, 0.07677434, 20.28965
62, 17,4.704954,14.92222,12.28926,9.813586, 0.0652582, 14.92222
62, 18,3.23151,13.82641,9.813586,8.528961, 0.05546947, 13.82641
62, 19,5.746225,21.45528,8.528961,13.60075, 0.05546947, 21.45528
62, 20,8.243966,21.68837,13.60075,14.96617, 0.06101642, 21.68837
62, 21,5.334145,24.44931,14.96617,14.89173, 0.06101642, 24.44931
62, 22,5.318892,23.95527,14.89173,14.63708, 0.05186396, 23.95527
62, 23,8.302073,23.40108,14.63708,15.85158, 0.04408437, 23.40108
62, 24,4.924827,22.20401,15.85158,13.56442, 0.04408437, 22.20401
62, 25,4.646403,19.21596,13.56442,11.93118, 0.03747171, 19.21596
62, 26,6.493642,20.97532,11.93118,13.73448, 0.03185096, 20.97532
62, 27,5.643668,22.20822,13.73448,13.92594, 0.03185096, 22.20822
62, 28,4.930669,19.43303,13.92594,12.18185, 0.03503605, 19.43303
62, 29,4.199124,19.09222,12.18185,11.64567, 0.02978065, 19.09222
62, 30,4.508436,16.99741,11.64567,10.75292, 0.02531355, 16.99741
63, 1,4.712421,16.80441,0,10.75842, 0.13, 16.80441
63, 2,6.044652,15.73016,10.75842,10.88741, 0.13, 15.73016
63, 3,6.009995,19.07876,10.88741,12.54438, 0.143, 19.07876
63, 4,7.812085,25.96313,12.54438,16.88761, 0.143, 25.96313
63, 5,9.268782,24.46278,16.88761,16.86578, 0.1573, 24.46278
63, 6,8.820715,21.06486,16.86578,14.94279, 0.1573, 21.06486
63, 7,6.882739,17.58273,14.94279,12.23273, 0.133705, 17.58273
63, 8,10.38741,21.69537,12.23273,16.04139, 0.1136493, 21.69537
63, 9,9.868601,22.79692,16.04139,16.33276, 0.1136493, 22.79692
63, 10,9.392438,18.75452,16.33276,14.07348, 0.1250142, 18.75452
63, 11,10.12826,22.84261,14.07348,16.48543, 0.1062621, 22.84261
63, 12,6.365574,27.03586,16.48543,16.70072, 0.1062621, 27.03586
63, 13,6.353583,20.41495,16.70072,13.38427, 0.1168883, 20.41495
63, 14,7.527339,24.90481,13.38427,16.21607, 0.09935503, 24.90481
63, 15,4.330411,25.04631,16.21607,14.68836, 0.09935503, 25.04631
63, 16,5.01697,25.81669,14.68836,15.41683, 0.08445178, 25.81669
63, 17,5.370885,20.25618,15.41683,12.81353, 0.08445178, 20.25618
63, 18,5.344271,18.96244,12.81353,12.15336, 0.07178401, 18.96244
63, 19,8.267911,24.07288,12.15336,16.17039, 0.06101641, 24.07288
63, 20,6.210243,24.25216,16.17039,15.2312, 0.06101641, 24.25216
63, 21,7.091653,25.68911,15.2312,16.39038, 0.05186395, 25.68911
63, 22,5.646096,22.41655,16.39038,14.03132, 0.05186395, 22.41655
63, 23,6.217474,22.13622,14.03132,14.17685, 0.04408436, 22.13622
63, 24,6.699388,24.21768,14.17685,15.45853, 0.03747171, 24.21768
63, 25,5.921215,20.59005,15.45853,13.25563, 0.03747171, 20.59005
63, 26,6.668831,22.92652,13.25563,14.79767, 0.03185095, 22.92652
63, 27,9.834412,25.15399,14.79767,17.4942, 0.03185095, 25.15399
63, 28,6.523836,21.05356,17.4942,13.7887, 0.03503605, 21.05356
63, 29,6.866337,22.31385,13.7887,14.59009, 0.02978064, 22.31385
63, 30,9.037984,22.60874,14.59009,15.82336, 0.02978064, 22.60874
63, 1,0.001478069,4.496772,0,2.249125, 0.13, 4.496772
63, 1,0.001478069,4.496772,0,2.249125, 0.13, 4.496772
65, 1,1.079184,1.886536,0,1.48286, 0.13, 1.886536
65, 2,7.664009,1.904304,1.48286,4.784156, 0.13, 1.904304
66, 1,4.120265,12.38255,0,8.251406, 0.13, 12.38255
66, 2,4.422082,13.06494,8.251406,8.743513, 0.13, 13.06494
66, 3,3.688976,12.17454,8.743513,7.93176, 0.143, 12.17454
66, 4,2.096055,11.04804,7.93176,6.57205, 0.12155, 11.04804
66, 5,5.163024,15.37245,6.57205,10.26774, 0.1033175, 15.37245
66, 6,2.840668,12.49552,10.26774,7.668094, 0.1033175, 12.49552
66, 7,2.944733,12.64246,7.668094,7.793599, 0.08781987, 12.64246
66, 8,2.494454,13.04801,7.793599,7.771232, 0.08781987, 13.04801
66, 9,2.203718,12.08205,7.771232,7.142883, 0.09660187, 12.08205
66, 10,3.987815,11.12529,7.142883,7.55655, 0.08211159, 11.12529
66, 11,3.494296,16.02689,7.55655,9.760593, 0.08211159, 16.02689
66, 12,5.107338,19.05199,9.760593,12.07966, 0.09032275, 19.05199
66, 13,2.721707,15.63069,12.07966,9.176197, 0.09032275, 15.63069
66, 14,4.192741,17.75527,9.176197,10.974, 0.07677434, 17.75527
66, 15,3.4484,14.22508,10.974,8.83674, 0.07677434, 14.22508
66, 16,2.617995,16.8926,8.83674,9.755296, 0.06525819, 16.8926
66, 17,4.622916,12.97363,9.755296,8.798273, 0.06525819, 12.97363
66, 18,3.641188,15.30705,8.798273,9.474119, 0.05546946, 15.30705
66, 19,5.160732,18.35235,9.474119,11.75654, 0.05546946, 18.35235
66, 20,5.337803,15.29064,11.75654,10.31422, 0.06101641, 15.29064
